交易日期,收盘价,MA20,上轨,下轨,信号(1买/-1卖/0无),策略净值,回撤幅度
2025-07-04,265.80,,,,0,100000.00,0.00
2025-07-07,260.89,,,,0,100000.00,0.00
2025-07-08,263.31,,,,0,100000.00,0.00
2025-07-09,270.80,,,,0,100000.00,0.00
2025-07-10,272.00,,,,0,100000.00,0.00
2025-07-11,271.50,,,,0,100000.00,0.00
2025-07-14,268.50,,,,0,100000.00,0.00
2025-07-15,267.75,,,,0,100000.00,0.00
2025-07-16,264.40,,,,0,100000.00,0.00
2025-07-17,265.50,,,,0,100000.00,0.00
2025-07-18,271.20,,,,0,100000.00,0.00
2025-07-21,279.66,,,,0,100000.00,0.00
2025-07-22,286.66,,,,0,100000.00,0.00
2025-07-23,287.02,,,,0,100000.00,0.00
2025-07-24,285.20,,,,0,100000.00,0.00
2025-07-25,282.80,,,,0,100000.00,0.00
2025-07-28,286.30,,,,0,100000.00,0.00
2025-07-29,291.82,,,,0,100000.00,0.00
2025-07-30,277.09,,,,0,100000.00,0.00
2025-07-31,264.62,274.14,292.83,255.45,0,100000.00,0.00
2025-08-01,263.07,274.00,292.97,255.04,0,100000.00,0.00
2025-08-04,266.48,274.28,292.62,255.94,0,100000.00,0.00
2025-08-05,265.70,274.40,292.49,256.32,0,100000.00,0.00
2025-08-06,265.00,274.11,292.60,255.63,0,100000.00,0.00
2025-08-07,263.05,273.67,292.76,254.57,0,100000.00,0.00
2025-08-08,263.48,273.26,292.85,253.68,0,100000.00,0.00
2025-08-11,263.66,273.02,292.96,253.09,0,100000.00,0.00
2025-08-12,263.25,272.80,293.06,252.53,0,100000.00,0.00
2025-08-13,273.60,273.26,293.15,253.36,0,100000.00,0.00
2025-08-14,279.89,273.98,293.74,254.22,0,100000.00,0.00
2025-08-15,280.67,274.45,294.38,254.52,0,100000.00,0.00
2025-08-18,283.00,274.62,294.77,254.47,0,100000.00,0.00
2025-08-19,277.80,274.18,293.63,254.72,0,100000.00,0.00
2025-08-20,279.20,273.78,292.49,255.08,0,100000.00,0.00
2025-08-21,279.00,273.47,291.61,255.34,0,100000.00,0.00
2025-08-22,287.18,273.69,292.37,255.02,0,100000.00,0.00
2025-08-25,290.28,273.89,293.18,254.61,0,100000.00,0.00
2025-08-26,289.50,273.78,292.65,254.90,0,100000.00,0.00
2025-08-27,278.30,273.84,292.76,254.91,0,100000.00,0.00
2025-08-28,277.41,274.48,292.97,255.98,0,100000.00,0.00
2025-08-29,306.18,276.63,298.96,254.30,0,100000.00,0.00
2025-09-01,304.00,278.51,303.28,253.74,0,100000.00,0.00
2025-09-02,302.87,280.37,306.55,254.18,0,100000.00,0.00
2025-09-03,309.00,282.57,310.55,254.58,0,100000.00,0.00
2025-09-04,304.03,284.62,312.58,256.65,0,100000.00,0.00
2025-09-05,325.11,287.70,319.05,256.34,0,100000.00,0.00
2025-09-08,325.37,290.78,324.15,257.42,0,100000.00,0.00
2025-09-09,320.00,293.62,326.79,260.45,0,100000.00,0.00
2025-09-10,316.04,295.74,328.94,262.54,0,100000.00,0.00
2025-09-11,322.55,297.87,332.19,263.56,0,100000.00,0.00
2025-09-12,325.00,300.09,335.39,264.79,0,100000.00,0.00
2025-09-15,354.70,303.68,345.30,262.05,0,100000.00,0.00
2025-09-16,353.42,307.46,352.58,262.33,0,100000.00,0.00
2025-09-17,377.10,312.35,364.80,259.90,0,100000.00,0.00
2025-09-18,366.89,316.75,371.94,261.56,0,100000.00,0.00
2025-09-19,368.49,320.81,378.61,263.01,0,100000.00,0.00
2025-09-22,370.05,324.80,384.60,265.01,0,100000.00,0.00
2025-09-23,368.15,328.73,389.07,268.40,0,100000.00,0.00
2025-09-24,379.93,333.81,393.42,274.21,0,100000.00,0.00
2025-09-25,392.85,339.59,398.58,280.60,0,100000.00,0.00
2025-09-26,380.40,343.30,402.75,283.84,0,100000.00,0.00
2025-09-29,397.37,347.97,408.99,286.95,0,100000.00,0.00
2025-09-30,402.00,352.92,414.59,291.26,0,100000.00,0.00
2025-10-09,409.89,357.97,420.93,295.01,0,100000.00,0.00
2025-10-10,381.95,361.86,420.48,303.24,0,100000.00,0.00
2025-10-13,374.50,364.33,420.67,308.00,0,100000.00,0.00
2025-10-14,358.00,365.96,419.51,312.42,0,100000.00,0.00
2025-10-15,369.30,368.43,417.65,319.21,0,100000.00,0.00
2025-10-16,368.50,371.05,414.02,328.08,0,100000.00,0.00
2025-10-17,358.14,372.83,410.20,335.46,0,100000.00,0.00
2025-10-20,366.50,374.91,405.40,344.41,0,100000.00,0.00
2025-10-21,375.90,375.97,405.02,346.92,0,100000.00,0.00
2025-10-22,372.86,376.94,404.15,349.73,0,100000.00,0.00
2025-10-23,376.45,376.91,404.12,349.70,0,100000.00,0.00
2025-10-24,385.77,377.85,404.91,350.79,0,100000.00,0.00
2025-10-27,386.18,378.73,405.67,351.80,0,100000.00,0.00
2025-10-28,386.48,379.56,406.39,352.72,0,100000.00,0.00
2025-10-29,400.00,381.15,408.85,353.45,0,100000.00,0.00
2025-10-30,398.29,382.07,410.75,353.39,0,100000.00,0.00
2025-10-31,388.77,381.86,410.29,353.44,0,100000.00,0.00
2025-11-03,386.86,382.19,410.68,353.69,0,100000.00,0.00
2025-11-04,378.95,381.26,408.92,353.61,0,100000.00,0.00
2025-11-05,388.70,380.60,406.83,354.37,0,100000.00,0.00
2025-11-06,394.68,379.84,403.37,356.31,0,100000.00,0.00
2025-11-07,395.37,380.51,404.99,356.03,0,100000.00,0.00
2025-11-10,384.51,381.01,405.39,356.63,0,100000.00,0.00
2025-11-11,385.60,382.39,404.41,360.37,0,100000.00,0.00
2025-11-12,386.38,383.24,404.48,362.01,0,100000.00,0.00
2025-11-13,415.60,385.60,409.99,361.21,0,100000.00,0.00
2025-11-14,404.12,387.90,410.07,365.73,0,100000.00,0.00
2025-11-17,390.78,389.11,409.00,369.22,0,100000.00,0.00
2025-11-18,385.00,389.57,408.63,370.51,0,100000.00,0.00
2025-11-19,391.10,390.48,407.93,373.03,0,100000.00,0.00
2025-11-20,379.39,390.63,407.65,373.61,0,100000.00,0.00
2025-11-21,370.00,389.84,409.01,370.67,1,100000.00,0.00
2025-11-24,370.55,389.06,409.96,368.16,0,100148.65,0.00
2025-11-25,372.36,388.35,410.47,366.23,0,100637.84,0.00
2025-11-26,372.82,386.99,409.42,364.56,0,100762.16,0.00
2025-11-27,371.20,385.64,408.44,362.83,0,100324.32,-0.43
2025-11-28,373.20,384.86,408.24,361.48,0,100864.86,0.00
2025-12-01,382.97,384.66,408.04,361.29,0,103505.41,0.00
2025-12-02,380.08,384.72,408.04,361.40,0,102724.32,-0.75
2025-12-03,376.08,384.09,407.63,360.55,0,101643.24,-1.80
2025-12-04,383.35,383.52,406.56,360.49,0,103608.11,0.00
2025-12-05,389.09,383.21,405.75,360.66,0,105159.46,0.00
2025-12-08,392.50,383.61,406.51,360.71,0,106081.08,0.00
2025-12-09,387.59,383.71,406.66,360.75,0,104754.05,-1.25
2025-12-10,382.38,383.51,406.44,360.58,0,103345.95,-2.58
2025-12-11,388.99,382.18,400.03,364.33,0,105132.43,-0.89
2025-12-12,391.80,381.56,397.03,366.09,0,105891.89,-0.18
2025-12-15,385.50,381.30,396.30,366.29,0,104189.19,-1.78
2025-12-16,378.41,380.97,395.92,366.01,0,102272.97,-3.59
2025-12-17,383.42,380.58,394.86,366.31,0,103627.03,-2.31
2025-12-18,372.00,380.21,394.97,365.46,0,100540.54,-5.22
2025-12-19,374.00,380.41,394.71,366.12,0,101081.08,-4.71
2025-12-22,371.84,380.48,394.60,366.35,0,100497.30,-5.26
2025-12-23,378.10,380.77,394.45,367.09,0,102189.19,-3.67
2025-12-24,375.60,380.91,394.31,367.50,0,101513.51,-4.31
2025-12-25,373.01,381.00,394.16,367.83,0,100813.51,-4.97
2025-12-26,374.43,381.06,394.09,368.02,0,101197.30,-4.60
2025-12-29,369.31,380.37,394.33,366.42,0,99813.51,-5.91
2025-12-30,369.20,379.83,394.62,365.04,0,99783.78,-5.94
2025-12-31,367.26,379.39,395.09,363.68,0,99259.46,-6.43
2026-01-05,377.50,379.10,394.71,363.48,0,102027.03,-3.82
2026-01-06,373.99,378.34,393.40,363.28,0,101078.38,-4.72
2026-01-07,371.01,377.27,391.15,363.38,0,100272.97,-5.48
2026-01-08,369.21,376.35,389.81,362.89,0,99786.49,-5.93
2026-01-09,369.23,375.69,389.19,362.19,0,99791.89,-5.93
2026-01-12,361.68,374.32,387.69,360.96,0,97751.35,-7.85
2026-01-13,359.00,372.69,385.09,360.28,0,97027.03,-8.54
2026-01-14,353.98,371.11,384.56,357.65,0,95670.27,-9.81
2026-01-15,353.75,369.88,384.86,354.89,0,95608.11,-9.87
2026-01-16,352.32,368.32,383.81,352.83,0,95221.62,-10.24
2026-01-19,348.90,367.17,384.69,349.64,0,94297.30,-11.11
2026-01-20,349.60,365.95,384.75,347.14,0,94486.49,-10.93
2026-01-21,349.81,364.84,384.69,345.00,0,94543.24,-10.88
2026-01-22,345.80,363.23,383.75,342.71,0,93459.46,-11.90
2026-01-23,347.00,361.80,382.65,340.95,0,93783.78,-11.59
2026-01-26,342.05,360.25,382.12,338.39,0,92445.95,-12.85
2026-01-27,339.40,358.50,381.14,335.86,0,91729.73,-13.53
2026-01-28,339.99,357.03,380.47,333.60,0,91889.19,-13.38
2026-01-29,341.89,355.67,379.29,332.05,0,92402.70,-12.89
2026-01-30,350.00,354.81,377.92,331.69,0,94594.59,-10.83
2026-02-02,348.98,353.38,374.12,332.64,0,94318.92,-11.09
2026-02-03,347.91,352.08,370.63,333.52,0,94029.73,-11.36
2026-02-04,365.03,351.78,369.27,334.29,0,98656.76,-7.00
2026-02-05,362.94,351.46,367.88,335.04,0,98091.89,-7.53
2026-02-06,369.11,351.46,367.85,335.06,-1,99759.46,-5.96
2026-02-09,368.82,351.81,369.35,334.27,0,99759.46,-5.96
2026-02-10,364.97,352.11,370.32,333.90,0,99759.46,-5.96
2026-02-11,368.00,352.81,372.29,333.34,0,99759.46,-5.96
2026-02-12,375.87,353.92,375.84,332.00,0,99759.46,-5.96
2026-02-13,365.34,354.57,377.03,332.11,0,99759.46,-5.96
2026-02-24,361.95,355.22,377.75,332.70,0,99759.46,-5.96
2026-02-25,362.18,355.85,378.41,333.29,0,99759.46,-5.96
2026-02-26,346.00,355.66,378.49,332.84,0,99759.46,-5.96
2026-02-27,342.01,355.47,378.68,332.26,0,99759.46,-5.96
2026-03-02,340.22,355.13,379.02,331.25,0,99759.46,-5.96
2026-03-03,344.07,355.23,378.91,331.56,0,99759.46,-5.96
2026-03-04,338.90,355.21,378.95,331.46,0,99759.46,-5.96
2026-03-05,350.25,355.72,378.56,332.89,0,99759.46,-5.96
2026-03-06,354.77,356.37,378.31,334.42,0,99759.46,-5.96
2026-03-09,357.50,356.74,378.49,334.99,0,99759.46,-5.96
2026-03-10,376.30,358.11,381.13,335.08,0,99759.46,-5.96
2026-03-11,396.80,360.55,388.57,332.53,0,99759.46,-5.96
2026-03-12,395.50,362.07,393.95,330.20,0,99759.46,-5.96
2026-03-13,397.00,363.78,399.11,328.45,0,99759.46,-5.96
2026-03-16,408.40,365.74,406.06,325.43,0,99759.46,-5.96
2026-03-17,405.00,367.55,411.35,323.75,0,99759.46,-5.96
2026-03-18,402.02,369.40,415.68,323.13,0,99759.46,-5.96
2026-03-19,400.50,371.03,419.23,322.83,0,99759.46,-5.96
2026-03-20,413.00,372.89,424.43,321.34,0,99759.46,-5.96
2026-03-23,401.99,374.72,427.65,321.78,0,99759.46,-5.96
2026-03-24,396.99,376.47,429.91,323.03,0,99759.46,-5.96
2026-03-25,397.81,378.25,432.05,324.46,0,99759.46,-5.96
2026-03-26,402.50,381.08,433.72,328.43,0,99759.46,-5.96
2026-03-27,416.18,384.78,436.34,333.23,0,99759.46,-5.96
2026-03-30,413.00,388.42,437.07,339.78,0,99759.46,-5.96
2026-03-31,401.70,391.31,435.75,346.86,0,99759.46,-5.96
2026-04-01,405.71,394.65,432.37,356.93,0,99759.46,-5.96
2026-04-02,401.17,397.19,428.99,365.39,0,99759.46,-5.96
2026-04-03,386.46,398.78,424.55,373.00,0,99759.46,-5.96
2026-04-07,384.59,400.13,419.01,381.25,0,99759.46,-5.96
2026-04-08,391.30,400.88,416.89,384.87,0,99759.46,-5.96
2026-04-09,389.99,400.54,417.16,383.92,0,99759.46,-5.96
2026-04-10,416.00,401.57,419.30,383.83,0,99759.46,-5.96
2026-04-13,427.13,403.07,423.86,382.28,0,99759.46,-5.96
2026-04-14,430.79,404.19,428.17,380.21,0,99759.46,-5.96
2026-04-15,431.00,405.49,432.17,378.81,0,99759.46,-5.96
2026-04-16,453.98,408.09,442.04,374.14,0,99759.46,-5.96
2026-04-17,444.20,410.27,447.46,373.09,0,99759.46,-5.96
2026-04-20,432.50,411.25,449.67,372.83,0,99759.46,-5.96
2026-04-21,447.60,413.53,454.79,372.27,0,99759.46,-5.96
2026-04-22,436.35,415.50,457.17,373.82,0,99759.46,-5.96
2026-04-23,438.90,417.55,459.59,375.52,0,99759.46,-5.96
2026-04-24,444.90,419.67,462.72,376.63,0,99759.46,-5.96
2026-04-27,434.88,420.61,464.12,377.09,0,99759.46,-5.96
2026-04-28,427.67,421.34,464.81,377.87,0,99759.46,-5.96
2026-04-29,445.00,423.51,467.16,379.85,0,99759.46,-5.96
2026-04-30,436.00,425.02,468.20,381.84,0,99759.46,-5.96
2026-05-06,460.00,427.96,472.24,383.68,0,99759.46,-5.96
2026-05-07,451.64,431.22,472.28,390.16,0,99759.46,-5.96
2026-05-08,437.00,433.84,468.92,398.77,0,99759.46,-5.96
2026-05-11,446.11,436.58,466.05,407.12,0,99759.46,-5.96
2026-05-12,431.25,438.64,459.21,418.08,0,99759.46,-5.96
2026-05-13,434.05,439.55,457.47,421.63,0,99759.46,-5.96
2026-05-14,427.00,439.54,457.48,421.60,0,99759.46,-5.96
2026-05-15,423.60,439.18,458.07,420.29,0,99759.46,-5.96
2026-05-18,417.23,438.49,459.42,417.57,1,99759.46,-5.96
2026-05-19,417.92,436.69,458.18,415.20,0,99924.44,-5.80
2026-05-20,414.75,435.22,458.41,412.02,0,99166.49,-6.52
2026-05-21,411.63,434.17,459.54,408.81,0,98420.50,-7.22
2026-05-22,411.16,432.35,458.81,405.90,0,98308.13,-7.33
2026-05-25,402.88,430.68,459.99,401.36,0,96328.38,-9.19
2026-05-26,402.50,428.86,460.34,397.37,0,96237.52,-9.28
2026-05-27,414.80,427.35,458.50,396.20,0,99178.45,-6.51
2026-05-28,415.68,426.39,457.74,395.05,0,99388.86,-6.31
2026-05-29,424.00,426.21,457.57,394.85,0,101378.16,-4.43
2026-06-01,420.10,424.96,455.20,394.73,0,100445.67,-5.31
2026-06-02,433.89,424.86,454.95,394.77,0,103742.86,-2.20
2026-06-03,426.42,423.18,448.63,397.73,0,101956.78,-3.89
2026-06-04,408.20,421.01,443.63,398.39,0,97600.39,-7.99
2026-06-05,403.00,419.31,441.98,396.64,0,96357.07,-9.17
2026-06-08,393.02,416.65,438.57,394.74,0,93970.86,-11.42
2026-06-09,399.50,415.07,437.12,393.01,0,95520.23,-9.96
2026-06-10,388.50,412.79,435.91,389.66,0,92890.13,-12.43
2026-06-11,382.20,410.55,436.27,384.83,0,91383.81,-13.85
2026-06-12,394.85,409.11,434.96,383.26,0,94408.41,-11.00
2026-06-15,398.10,408.16,434.15,382.16,0,95185.49,-10.27
2026-06-16,403.53,407.44,433.10,381.77,0,96483.80,-9.05
2026-06-17,399.00,406.65,432.34,380.96,0,95400.68,-10.07
2026-06-18,391.55,405.64,432.04,379.25,0,93619.39,-11.75
2026-06-22,408.98,405.53,431.85,379.22,0,97786.89,-7.82
2026-06-23,392.51,405.02,431.93,378.11,0,93848.92,-11.53
2026-06-24,395.36,404.66,431.88,377.44,0,94530.35,-10.89
2026-06-25,401.90,404.01,430.85,377.18,0,96094.07,-9.41
2026-06-26,381.00,402.28,430.33,374.23,0,91096.89,-14.13
2026-06-29,392.36,400.70,427.20,374.20,0,93813.06,-11.56
2026-06-30,393.01,399.34,424.47,374.21,0,93968.47,-11.42
2026-07-01,383.84,396.84,417.23,376.45,0,91775.93,-13.49
2026-07-02,382.35,394.64,410.87,378.41,0,91419.67,-13.82
2026-07-03,380.00,393.23,409.40,377.06,0,90857.79,-14.35
2026-07-06,374.51,391.80,409.25,374.36,0,89545.13,-15.59
2026-07-07,372.49,390.78,410.13,371.43,0,89062.15,-16.04
2026-07-08,361.00,388.85,411.69,366.01,0,86314.90,-18.63
2026-07-09,375.50,388.20,411.78,364.63,0,89781.84,-15.36
2026-07-10,348.76,386.53,415.66,357.40,0,83388.32,-21.39
2026-07-13,359.06,384.74,415.93,353.55,0,85851.05,-19.07
2026-07-14,364.01,383.04,414.84,351.23,0,87034.59,-17.95
2026-07-15,373.00,381.51,412.14,350.88,0,89184.09,-15.93
2026-07-16,366.20,379.87,410.09,349.65,0,87558.22,-17.46
2026-07-17,360.00,378.29,409.19,347.39,0,86075.80,-18.86
2026-07-20,376.43,376.66,404.17,349.16,0,90004.20,-15.16
2026-07-21,382.20,376.15,402.82,349.48,0,91383.81,-13.85
2026-07-22,372.26,374.99,400.20,349.79,0,89007.16,-16.10
2026-07-23,385.99,374.20,396.83,351.57,0,92289.99,-13.00
2026-07-24,383.01,374.30,397.07,351.53,0,91577.48,-13.67
2026-07-27,400.00,374.68,398.86,350.50,-1,95639.78,-9.84
2026-07-28,390.86,374.57,398.44,350.70,0,95639.78,-9.84
2026-07-29,396.84,375.22,400.72,349.73,0,95639.78,-9.84
2026-07-30,401.88,376.20,404.10,348.30,0,95639.78,-9.84
2026-07-31,395.30,376.97,406.05,347.88,0,95639.78,-9.84
2026-08-03,394.40,377.96,407.99,347.93,0,95639.78,-9.84
