交易日期,收盘价,RSI,信号(1买/-1卖/0无),策略净值,回撤幅度
2025-07-04,265.80,,0,100000.00,0.00
2025-07-07,260.89,,0,100000.00,0.00
2025-07-08,263.31,,0,100000.00,0.00
2025-07-09,270.80,,0,100000.00,0.00
2025-07-10,272.00,,0,100000.00,0.00
2025-07-11,271.50,,0,100000.00,0.00
2025-07-14,268.50,,0,100000.00,0.00
2025-07-15,267.75,,0,100000.00,0.00
2025-07-16,264.40,,0,100000.00,0.00
2025-07-17,265.50,,0,100000.00,0.00
2025-07-18,271.20,,0,100000.00,0.00
2025-07-21,279.66,,0,100000.00,0.00
2025-07-22,286.66,,0,100000.00,0.00
2025-07-23,287.02,,0,100000.00,0.00
2025-07-24,285.20,70.18,0,100000.00,0.00
2025-07-25,282.80,66.60,0,100000.00,0.00
2025-07-28,286.30,69.08,0,100000.00,0.00
2025-07-29,291.82,72.54,0,100000.00,0.00
2025-07-30,277.09,54.89,0,100000.00,0.00
2025-07-31,264.62,44.92,0,100000.00,0.00
2025-08-01,263.07,43.85,0,100000.00,0.00
2025-08-04,266.48,46.84,0,100000.00,0.00
2025-08-05,265.70,46.24,0,100000.00,0.00
2025-08-06,265.00,45.67,0,100000.00,0.00
2025-08-07,263.05,44.03,0,100000.00,0.00
2025-08-08,263.48,44.50,0,100000.00,0.00
2025-08-11,263.66,44.71,0,100000.00,0.00
2025-08-12,263.25,44.30,0,100000.00,0.00
2025-08-13,273.60,55.43,0,100000.00,0.00
2025-08-14,279.89,60.59,0,100000.00,0.00
2025-08-15,280.67,61.19,0,100000.00,0.00
2025-08-18,283.00,63.00,0,100000.00,0.00
2025-08-19,277.80,56.65,0,100000.00,0.00
2025-08-20,279.20,57.88,0,100000.00,0.00
2025-08-21,279.00,57.63,0,100000.00,0.00
2025-08-22,287.18,64.44,0,100000.00,0.00
2025-08-25,290.28,66.63,0,100000.00,0.00
2025-08-26,289.50,65.54,0,100000.00,0.00
2025-08-27,278.30,52.27,0,100000.00,0.00
2025-08-28,277.41,51.38,0,100000.00,0.00
2025-08-29,306.18,69.47,0,100000.00,0.00
2025-09-01,304.00,67.43,0,100000.00,0.00
2025-09-02,302.87,66.34,0,100000.00,0.00
2025-09-03,309.00,69.24,0,100000.00,0.00
2025-09-04,304.03,64.39,0,100000.00,0.00
2025-09-05,325.11,73.03,0,100000.00,0.00
2025-09-08,325.37,73.12,0,100000.00,0.00
2025-09-09,320.00,68.24,0,100000.00,0.00
2025-09-10,316.04,64.81,0,100000.00,0.00
2025-09-11,322.55,67.68,0,100000.00,0.00
2025-09-12,325.00,68.72,0,100000.00,0.00
2025-09-15,354.70,77.95,0,100000.00,0.00
2025-09-16,353.42,76.90,0,100000.00,0.00
2025-09-17,377.10,81.80,0,100000.00,0.00
2025-09-18,366.89,74.47,0,100000.00,0.00
2025-09-19,368.49,74.85,0,100000.00,0.00
2025-09-22,370.05,75.23,0,100000.00,0.00
2025-09-23,368.15,73.74,0,100000.00,0.00
2025-09-24,379.93,76.81,0,100000.00,0.00
2025-09-25,392.85,79.62,0,100000.00,0.00
2025-09-26,380.40,70.72,0,100000.00,0.00
2025-09-29,397.37,74.85,0,100000.00,0.00
2025-09-30,402.00,75.85,0,100000.00,0.00
2025-10-09,409.89,77.49,0,100000.00,0.00
2025-10-10,381.95,61.53,0,100000.00,0.00
2025-10-13,374.50,58.10,0,100000.00,0.00
2025-10-14,358.00,51.27,0,100000.00,0.00
2025-10-15,369.30,55.15,0,100000.00,0.00
2025-10-16,368.50,54.82,0,100000.00,0.00
2025-10-17,358.14,50.56,0,100000.00,0.00
2025-10-20,366.50,53.69,0,100000.00,0.00
2025-10-21,375.90,56.98,0,100000.00,0.00
2025-10-22,372.86,55.61,0,100000.00,0.00
2025-10-23,376.45,56.93,0,100000.00,0.00
2025-10-24,385.77,60.25,0,100000.00,0.00
2025-10-27,386.18,60.39,0,100000.00,0.00
2025-10-28,386.48,60.51,0,100000.00,0.00
2025-10-29,400.00,65.32,0,100000.00,0.00
2025-10-30,398.29,64.25,0,100000.00,0.00
2025-10-31,388.77,58.52,0,100000.00,0.00
2025-11-03,386.86,57.42,0,100000.00,0.00
2025-11-04,378.95,52.96,0,100000.00,0.00
2025-11-05,388.70,57.36,0,100000.00,0.00
2025-11-06,394.68,59.84,0,100000.00,0.00
2025-11-07,395.37,60.12,0,100000.00,0.00
2025-11-10,384.51,53.61,0,100000.00,0.00
2025-11-11,385.60,54.14,0,100000.00,0.00
2025-11-12,386.38,54.55,0,100000.00,0.00
2025-11-13,415.60,66.51,0,100000.00,0.00
2025-11-14,404.12,59.84,0,100000.00,0.00
2025-11-17,390.78,53.18,0,100000.00,0.00
2025-11-18,385.00,50.55,0,100000.00,0.00
2025-11-19,391.10,53.18,0,100000.00,0.00
2025-11-20,379.39,47.91,0,100000.00,0.00
2025-11-21,370.00,44.14,0,100000.00,0.00
2025-11-24,370.55,44.42,0,100000.00,0.00
2025-11-25,372.36,45.37,0,100000.00,0.00
2025-11-26,372.82,45.63,0,100000.00,0.00
2025-11-27,371.20,44.83,0,100000.00,0.00
2025-11-28,373.20,46.09,0,100000.00,0.00
2025-12-01,382.97,51.84,0,100000.00,0.00
2025-12-02,380.08,50.14,0,100000.00,0.00
2025-12-03,376.08,47.79,0,100000.00,0.00
2025-12-04,383.35,52.17,0,100000.00,0.00
2025-12-05,389.09,55.35,0,100000.00,0.00
2025-12-08,392.50,57.17,0,100000.00,0.00
2025-12-09,387.59,53.77,0,100000.00,0.00
2025-12-10,382.38,50.34,0,100000.00,0.00
2025-12-11,388.99,54.32,0,100000.00,0.00
2025-12-12,391.80,55.93,0,100000.00,0.00
2025-12-15,385.50,51.54,0,100000.00,0.00
2025-12-16,378.41,47.05,0,100000.00,0.00
2025-12-17,383.42,50.34,0,100000.00,0.00
2025-12-18,372.00,43.68,0,100000.00,0.00
2025-12-19,374.00,45.05,0,100000.00,0.00
2025-12-22,371.84,43.81,0,100000.00,0.00
2025-12-23,378.10,48.26,0,100000.00,0.00
2025-12-24,375.60,46.67,0,100000.00,0.00
2025-12-25,373.01,45.02,0,100000.00,0.00
2025-12-26,374.43,46.14,0,100000.00,0.00
2025-12-29,369.31,42.74,0,100000.00,0.00
2025-12-30,369.20,42.67,0,100000.00,0.00
2025-12-31,367.26,41.33,0,100000.00,0.00
2026-01-05,377.50,50.20,0,100000.00,0.00
2026-01-06,373.99,47.55,0,100000.00,0.00
2026-01-07,371.01,45.35,0,100000.00,0.00
2026-01-08,369.21,44.04,0,100000.00,0.00
2026-01-09,369.23,44.05,0,100000.00,0.00
2026-01-12,361.68,38.59,0,100000.00,0.00
2026-01-13,359.00,36.85,0,100000.00,0.00
2026-01-14,353.98,33.77,0,100000.00,0.00
2026-01-15,353.75,33.63,0,100000.00,0.00
2026-01-16,352.32,32.73,0,100000.00,0.00
2026-01-19,348.90,30.61,0,100000.00,0.00
2026-01-20,349.60,31.59,0,100000.00,0.00
2026-01-21,349.81,31.90,0,100000.00,0.00
2026-01-22,345.80,29.19,0,100000.00,0.00
2026-01-23,347.00,31.07,1,100000.00,0.00
2026-01-26,342.05,27.79,0,98573.49,-1.43
2026-01-27,339.40,26.19,0,97809.80,-2.19
2026-01-28,339.99,27.19,0,97979.83,-2.02
2026-01-29,341.89,30.47,0,98527.38,-1.47
2026-01-30,350.00,42.39,0,100864.55,0.00
2026-02-02,348.98,41.43,0,100570.61,-0.29
2026-02-03,347.91,40.39,0,100262.25,-0.60
2026-02-04,365.03,58.34,0,105195.97,0.00
2026-02-05,362.94,56.12,0,104593.66,-0.57
2026-02-06,369.11,60.86,0,106371.76,0.00
2026-02-09,368.82,60.53,0,106288.18,-0.08
2026-02-10,364.97,56.16,0,105178.67,-1.12
2026-02-11,368.00,58.69,0,106051.87,-0.30
2026-02-12,375.87,64.42,0,108319.88,0.00
2026-02-13,365.34,53.69,0,105285.30,-2.80
2026-02-24,361.95,50.75,0,104308.36,-3.70
2026-02-25,362.18,50.95,0,104374.64,-3.64
2026-02-26,346.00,39.16,0,99711.82,-7.95
2026-02-27,342.01,36.89,0,98561.96,-9.01
2026-03-02,340.22,35.89,0,98046.11,-9.48
2026-03-03,344.07,39.69,0,99155.62,-8.46
2026-03-04,338.90,36.55,0,97665.71,-9.84
2026-03-05,350.25,46.54,0,100936.60,-6.82
2026-03-06,354.77,49.92,0,102239.19,-5.61
2026-03-09,357.50,51.89,0,103025.94,-4.89
2026-03-10,376.30,62.79,0,108443.80,0.00
2026-03-11,396.80,70.61,0,114351.59,0.00
2026-03-12,395.50,69.61,-1,113976.95,-0.33
2026-03-13,397.00,70.14,0,113976.95,-0.33
2026-03-16,408.40,73.84,0,113976.95,-0.33
2026-03-17,405.00,71.01,0,113976.95,-0.33
2026-03-18,402.02,68.54,0,113976.95,-0.33
2026-03-19,400.50,67.25,0,113976.95,-0.33
2026-03-20,413.00,71.92,0,113976.95,-0.33
2026-03-23,401.99,63.35,0,113976.95,-0.33
2026-03-24,396.99,59.86,0,113976.95,-0.33
2026-03-25,397.81,60.25,0,113976.95,-0.33
2026-03-26,402.50,62.47,0,113976.95,-0.33
2026-03-27,416.18,68.09,0,113976.95,-0.33
2026-03-30,413.00,65.63,0,113976.95,-0.33
2026-03-31,401.70,57.66,0,113976.95,-0.33
2026-04-01,405.71,59.54,0,113976.95,-0.33
2026-04-02,401.17,56.49,0,113976.95,-0.33
2026-04-03,386.46,47.91,0,113976.95,-0.33
2026-04-07,384.59,46.94,0,113976.95,-0.33
2026-04-08,391.30,50.81,0,113976.95,-0.33
2026-04-09,389.99,50.04,0,113976.95,-0.33
2026-04-10,416.00,62.23,0,113976.95,-0.33
2026-04-13,427.13,66.05,0,113976.95,-0.33
2026-04-14,430.79,67.23,0,113976.95,-0.33
2026-04-15,431.00,67.30,0,113976.95,-0.33
2026-04-16,453.98,73.86,0,113976.95,-0.33
2026-04-17,444.20,67.64,0,113976.95,-0.33
2026-04-20,432.50,61.01,0,113976.95,-0.33
2026-04-21,447.60,65.68,0,113976.95,-0.33
2026-04-22,436.35,59.92,0,113976.95,-0.33
2026-04-23,438.90,60.76,0,113976.95,-0.33
2026-04-24,444.90,62.74,0,113976.95,-0.33
2026-04-27,434.88,57.53,0,113976.95,-0.33
2026-04-28,427.67,54.04,0,113976.95,-0.33
2026-04-29,445.00,60.27,0,113976.95,-0.33
2026-04-30,436.00,56.02,0,113976.95,-0.33
2026-05-06,460.00,63.42,0,113976.95,-0.33
2026-05-07,451.64,59.66,0,113976.95,-0.33
2026-05-08,437.00,53.65,0,113976.95,-0.33
2026-05-11,446.11,56.58,0,113976.95,-0.33
2026-05-12,431.25,50.93,0,113976.95,-0.33
2026-05-13,434.05,51.90,0,113976.95,-0.33
2026-05-14,427.00,49.25,0,113976.95,-0.33
2026-05-15,423.60,47.97,0,113976.95,-0.33
2026-05-18,417.23,45.59,0,113976.95,-0.33
2026-05-19,417.92,45.91,0,113976.95,-0.33
2026-05-20,414.75,44.64,0,113976.95,-0.33
2026-05-21,411.63,43.36,0,113976.95,-0.33
2026-05-22,411.16,43.16,0,113976.95,-0.33
2026-05-25,402.88,39.70,0,113976.95,-0.33
2026-05-26,402.50,39.54,0,113976.95,-0.33
2026-05-27,414.80,46.86,0,113976.95,-0.33
2026-05-28,415.68,47.36,0,113976.95,-0.33
2026-05-29,424.00,51.88,0,113976.95,-0.33
2026-06-01,420.10,49.72,0,113976.95,-0.33
2026-06-02,433.89,56.60,0,113976.95,-0.33
2026-06-03,426.42,52.42,0,113976.95,-0.33
2026-06-04,408.20,43.90,0,113976.95,-0.33
2026-06-05,403.00,41.81,0,113976.95,-0.33
2026-06-08,393.02,38.06,0,113976.95,-0.33
2026-06-09,399.50,41.71,0,113976.95,-0.33
2026-06-10,388.50,37.66,0,113976.95,-0.33
2026-06-11,382.20,35.53,0,113976.95,-0.33
2026-06-12,394.85,42.56,0,113976.95,-0.33
2026-06-15,398.10,44.24,0,113976.95,-0.33
2026-06-16,403.53,47.03,0,113976.95,-0.33
2026-06-17,399.00,45.00,0,113976.95,-0.33
2026-06-18,391.55,41.82,0,113976.95,-0.33
2026-06-22,408.98,50.63,0,113976.95,-0.33
2026-06-23,392.51,43.87,0,113976.95,-0.33
2026-06-24,395.36,45.23,0,113976.95,-0.33
2026-06-25,401.90,48.33,0,113976.95,-0.33
2026-06-26,381.00,40.45,0,113976.95,-0.33
2026-06-29,392.36,45.64,0,113976.95,-0.33
2026-06-30,393.01,45.93,0,113976.95,-0.33
2026-07-01,383.84,42.48,0,113976.95,-0.33
2026-07-02,382.35,41.93,0,113976.95,-0.33
2026-07-03,380.00,41.03,0,113976.95,-0.33
2026-07-06,374.51,38.92,0,113976.95,-0.33
2026-07-07,372.49,38.14,0,113976.95,-0.33
2026-07-08,361.00,33.99,0,113976.95,-0.33
2026-07-09,375.50,42.50,0,113976.95,-0.33
2026-07-10,348.76,33.83,0,113976.95,-0.33
2026-07-13,359.06,39.00,0,113976.95,-0.33
2026-07-14,364.01,41.36,0,113976.95,-0.33
2026-07-15,373.00,45.50,0,113976.95,-0.33
2026-07-16,366.20,43.03,0,113976.95,-0.33
2026-07-17,360.00,40.85,0,113976.95,-0.33
2026-07-20,376.43,48.32,0,113976.95,-0.33
2026-07-21,382.20,50.67,0,113976.95,-0.33
2026-07-22,372.26,46.72,0,113976.95,-0.33
2026-07-23,385.99,52.26,0,113976.95,-0.33
2026-07-24,383.01,51.02,0,113976.95,-0.33
2026-07-27,400.00,57.25,0,113976.95,-0.33
2026-07-28,390.86,53.32,0,113976.95,-0.33
2026-07-29,396.84,55.47,0,113976.95,-0.33
2026-07-30,401.88,57.26,0,113976.95,-0.33
2026-07-31,395.30,54.20,0,113976.95,-0.33
2026-08-03,394.40,53.78,0,113976.95,-0.33
