交易日期,收盘价,动量(%),信号(1买/-1卖/0无),策略净值,回撤幅度
2025-07-04,265.80,,0,100000.00,0.00
2025-07-07,260.89,,0,100000.00,0.00
2025-07-08,263.31,,0,100000.00,0.00
2025-07-09,270.80,,0,100000.00,0.00
2025-07-10,272.00,,0,100000.00,0.00
2025-07-11,271.50,,0,100000.00,0.00
2025-07-14,268.50,,0,100000.00,0.00
2025-07-15,267.75,,0,100000.00,0.00
2025-07-16,264.40,,0,100000.00,0.00
2025-07-17,265.50,,0,100000.00,0.00
2025-07-18,271.20,,0,100000.00,0.00
2025-07-21,279.66,,0,100000.00,0.00
2025-07-22,286.66,,0,100000.00,0.00
2025-07-23,287.02,,0,100000.00,0.00
2025-07-24,285.20,,0,100000.00,0.00
2025-07-25,282.80,,0,100000.00,0.00
2025-07-28,286.30,,0,100000.00,0.00
2025-07-29,291.82,,0,100000.00,0.00
2025-07-30,277.09,,0,100000.00,0.00
2025-07-31,264.62,,0,100000.00,0.00
2025-08-01,263.07,-1.03,0,100000.00,0.00
2025-08-04,266.48,2.14,1,100000.00,0.00
2025-08-05,265.70,0.91,0,99707.30,-0.29
2025-08-06,265.00,-2.14,-1,99444.61,-0.56
2025-08-07,263.05,-3.29,0,99444.61,-0.56
2025-08-08,263.48,-2.95,0,99444.61,-0.56
2025-08-11,263.66,-1.80,0,99444.61,-0.56
2025-08-12,263.25,-1.68,0,99444.61,-0.56
2025-08-13,273.60,3.48,1,99444.61,-0.56
2025-08-14,279.89,5.42,0,101730.82,0.00
2025-08-15,280.67,3.49,0,102014.32,0.00
2025-08-18,283.00,1.19,0,102861.20,0.00
2025-08-19,277.80,-3.09,-1,100971.17,-1.84
2025-08-20,279.20,-2.72,0,100971.17,-1.84
2025-08-21,279.00,-2.17,0,100971.17,-1.84
2025-08-22,287.18,1.55,1,100971.17,-1.84
2025-08-25,290.28,1.39,0,102061.12,-0.78
2025-08-26,289.50,-0.80,-1,101786.87,-1.04
2025-08-27,278.30,0.44,1,101786.87,-1.04
2025-08-28,277.41,4.83,0,101461.36,-1.36
2025-08-29,306.18,16.39,0,111983.85,0.00
2025-09-01,304.00,14.08,0,111186.52,-0.71
2025-09-02,302.87,13.99,0,110773.23,-1.08
2025-09-03,309.00,16.60,0,113015.25,0.00
2025-09-04,304.03,15.58,0,111197.50,-1.61
2025-09-05,325.11,23.39,0,118907.40,0.00
2025-09-08,325.37,23.41,0,119002.50,0.00
2025-09-09,320.00,21.56,0,117038.45,-1.65
2025-09-10,316.04,15.51,0,115590.10,-2.87
2025-09-11,322.55,15.24,0,117971.10,-0.87
2025-09-12,325.00,15.79,0,118867.17,-0.11
2025-09-15,354.70,25.34,0,129729.80,0.00
2025-09-16,353.42,27.22,0,129261.65,-0.36
2025-09-17,377.10,35.06,0,137922.50,0.00
2025-09-18,366.89,31.50,0,134188.24,-2.71
2025-09-19,368.49,28.31,0,134773.43,-2.28
2025-09-22,370.05,27.48,0,135343.99,-1.87
2025-09-23,368.15,27.17,0,134649.08,-2.37
2025-09-24,379.93,36.52,0,138957.55,0.00
2025-09-25,392.85,41.61,0,143682.98,0.00
2025-09-26,380.40,24.24,0,139129.45,-3.17
2025-09-29,397.37,30.71,0,145336.15,0.00
2025-09-30,402.00,32.73,0,147029.55,0.00
2025-10-09,409.89,32.65,0,149915.28,0.00
2025-10-10,381.95,25.63,0,139696.36,-6.82
2025-10-13,374.50,15.19,0,136971.56,-8.63
2025-10-14,358.00,10.03,0,130936.76,-12.66
2025-10-15,369.30,15.41,0,135069.68,-9.90
2025-10-16,368.50,16.60,0,134777.09,-10.10
2025-10-17,358.14,11.03,0,130987.97,-12.63
2025-10-20,366.50,12.77,0,134045.60,-10.59
2025-10-21,375.90,5.98,0,137483.60,-8.29
2025-10-22,372.86,5.50,0,136371.74,-9.03
2025-10-23,376.45,-0.17,-1,137684.76,-8.16
2025-10-24,385.77,5.15,1,137684.76,-8.16
2025-10-27,386.18,4.80,0,137831.09,-8.06
2025-10-28,386.48,4.44,0,137938.17,-7.99
2025-10-29,400.00,8.65,0,142763.58,-4.77
2025-10-30,398.29,4.83,0,142153.26,-5.18
2025-10-31,388.77,-1.04,-1,138755.49,-7.44
2025-11-03,386.86,1.70,1,138755.49,-7.44
2025-11-04,378.95,-4.64,-1,135918.40,-9.34
2025-11-05,388.70,-3.31,0,135918.40,-9.34
2025-11-06,394.68,-3.71,0,135918.40,-9.34
2025-11-07,395.37,3.51,1,135918.40,-9.34
2025-11-10,384.51,2.67,0,132185.00,-11.83
2025-11-11,385.60,7.71,0,132559.72,-11.58
2025-11-12,386.38,4.62,0,132827.86,-11.40
2025-11-13,415.60,12.78,0,142872.97,-4.70
2025-11-14,404.12,12.84,0,138926.43,-7.33
2025-11-17,390.78,6.62,0,134340.47,-10.39
2025-11-18,385.00,2.42,0,132353.45,-11.71
2025-11-19,391.10,4.89,0,134450.48,-10.32
2025-11-20,379.39,0.78,0,130424.87,-13.00
2025-11-21,370.00,-4.09,-1,127196.82,-15.15
2025-11-24,370.55,-4.05,0,127196.82,-15.15
2025-11-25,372.36,-3.65,0,127196.82,-15.15
2025-11-26,372.82,-6.80,0,127196.82,-15.15
2025-11-27,371.20,-6.80,0,127196.82,-15.15
2025-11-28,373.20,-4.00,0,127196.82,-15.15
2025-12-01,382.97,-1.01,0,127196.82,-15.15
2025-12-02,380.08,0.30,1,127196.82,-15.15
2025-12-03,376.08,-3.25,-1,125858.19,-16.05
2025-12-04,383.35,-2.87,0,125858.19,-16.05
2025-12-05,389.09,-1.59,0,125858.19,-16.05
2025-12-08,392.50,2.08,1,125858.19,-16.05
2025-12-09,387.59,0.52,0,124283.76,-17.10
2025-12-10,382.38,-1.04,-1,122613.13,-18.21
2025-12-11,388.99,-6.40,0,122613.13,-18.21
2025-12-12,391.80,-3.05,0,122613.13,-18.21
2025-12-15,385.50,-1.35,0,122613.13,-18.21
2025-12-16,378.41,-1.71,0,122613.13,-18.21
2025-12-17,383.42,-1.96,0,122613.13,-18.21
2025-12-18,372.00,-1.95,0,122613.13,-18.21
2025-12-19,374.00,1.08,1,122613.13,-18.21
2025-12-22,371.84,0.35,0,121904.99,-18.68
2025-12-23,378.10,1.54,0,123957.29,-17.32
2025-12-24,375.60,0.75,0,123137.68,-17.86
2025-12-25,373.01,0.49,0,122288.57,-18.43
2025-12-26,374.43,0.33,0,122754.11,-18.12
2025-12-29,369.31,-3.57,-1,121075.55,-19.24
2025-12-30,369.20,-2.86,0,121075.55,-19.24
2025-12-31,367.26,-2.35,0,121075.55,-19.24
2026-01-05,377.50,-1.53,0,121075.55,-19.24
2026-01-06,373.99,-3.88,0,121075.55,-19.24
2026-01-07,371.01,-5.48,0,121075.55,-19.24
2026-01-08,369.21,-4.74,0,121075.55,-19.24
2026-01-09,369.23,-3.44,0,121075.55,-19.24
2026-01-12,361.68,-7.02,0,121075.55,-19.24
2026-01-13,359.00,-8.37,0,121075.55,-19.24
2026-01-14,353.98,-8.18,0,121075.55,-19.24
2026-01-15,353.75,-6.52,0,121075.55,-19.24
2026-01-16,352.32,-8.11,0,121075.55,-19.24
2026-01-19,348.90,-6.21,0,121075.55,-19.24
2026-01-20,349.60,-6.52,0,121075.55,-19.24
2026-01-21,349.81,-5.92,0,121075.55,-19.24
2026-01-22,345.80,-8.54,0,121075.55,-19.24
2026-01-23,347.00,-7.61,0,121075.55,-19.24
2026-01-26,342.05,-8.30,0,121075.55,-19.24
2026-01-27,339.40,-9.36,0,121075.55,-19.24
2026-01-28,339.99,-7.94,0,121075.55,-19.24
2026-01-29,341.89,-7.40,0,121075.55,-19.24
2026-01-30,350.00,-4.70,0,121075.55,-19.24
2026-02-02,348.98,-7.55,0,121075.55,-19.24
2026-02-03,347.91,-6.97,0,121075.55,-19.24
2026-02-04,365.03,-1.61,0,121075.55,-19.24
2026-02-05,362.94,-1.70,0,121075.55,-19.24
2026-02-06,369.11,-0.03,0,121075.55,-19.24
2026-02-09,368.82,1.97,1,121075.55,-19.24
2026-02-10,364.97,1.66,0,119811.68,-20.08
2026-02-11,368.00,3.96,0,120806.36,-19.42
2026-02-12,375.87,6.25,0,123389.91,-17.69
2026-02-13,365.34,3.70,0,119933.14,-20.00
2026-02-24,361.95,3.74,0,118820.28,-20.74
2026-02-25,362.18,3.60,0,118895.78,-20.69
2026-02-26,346.00,-1.09,-1,113584.24,-24.23
2026-02-27,342.01,-1.10,0,113584.24,-24.23
2026-03-02,340.22,-1.95,0,113584.24,-24.23
2026-03-03,344.07,0.59,1,113584.24,-24.23
2026-03-04,338.90,-0.15,-1,111877.53,-25.37
2026-03-05,350.25,3.02,1,111877.53,-25.37
2026-03-06,354.77,3.77,0,113321.31,-24.41
2026-03-09,357.50,2.14,0,114193.33,-23.83
2026-03-10,376.30,7.83,0,120198.47,-19.82
2026-03-11,396.80,14.05,0,126746.62,-15.45
2026-03-12,395.50,8.35,0,126331.37,-15.73
2026-03-13,397.00,9.38,0,126810.50,-15.41
2026-03-16,408.40,10.64,0,130451.91,-12.98
2026-03-17,405.00,9.81,0,129365.88,-13.71
2026-03-18,402.02,10.15,0,128414.00,-14.34
2026-03-19,400.50,8.83,0,127928.48,-14.67
2026-03-20,413.00,9.88,0,131921.25,-12.00
2026-03-23,401.99,10.03,0,128404.42,-14.35
2026-03-24,396.99,9.68,0,126807.31,-15.41
2026-03-25,397.81,9.84,0,127069.23,-15.24
2026-03-26,402.50,16.33,0,128567.32,-14.24
2026-03-27,416.18,21.69,0,132937.01,-11.33
2026-03-30,413.00,21.39,0,131921.25,-12.00
2026-03-31,401.70,16.75,0,128311.78,-14.41
2026-04-01,405.71,19.71,0,129592.67,-13.56
2026-04-02,401.17,14.54,0,128142.49,-14.52
2026-04-03,386.46,8.93,0,123443.79,-17.66
2026-04-07,384.59,7.58,0,122846.47,-18.06
2026-04-08,391.30,3.99,0,124989.80,-16.63
2026-04-09,389.99,-1.72,-1,124571.35,-16.91
2026-04-10,416.00,5.18,1,124571.35,-16.91
2026-04-13,427.13,7.59,0,127904.24,-14.68
2026-04-14,430.79,5.48,0,129000.22,-13.95
2026-04-15,431.00,6.42,0,129063.11,-13.91
2026-04-16,453.98,12.92,0,135944.48,-9.32
2026-04-17,444.20,10.91,0,133015.85,-11.27
2026-04-20,432.50,4.72,0,129512.28,-13.61
2026-04-21,447.60,11.35,0,134033.98,-10.59
2026-04-22,436.35,9.91,0,130665.17,-12.84
2026-04-23,438.90,10.33,0,131428.77,-12.33
2026-04-24,444.90,10.53,0,133225.47,-11.13
2026-04-27,434.88,4.49,0,130224.98,-13.13
2026-04-28,427.67,3.55,0,128065.94,-14.57
2026-04-29,445.00,10.78,0,133255.41,-11.11
2026-04-30,436.00,7.47,0,130560.36,-12.91
2026-05-06,460.00,14.66,0,137747.17,-8.12
2026-05-07,451.64,16.87,0,135243.76,-9.79
2026-05-08,437.00,13.63,0,130859.81,-12.71
2026-05-11,446.11,14.01,0,133587.80,-10.89
2026-05-12,431.25,10.58,0,129137.97,-13.86
2026-05-13,434.05,4.34,0,129976.43,-13.30
2026-05-14,427.00,-0.03,-1,127865.31,-14.71
2026-05-15,423.60,-1.67,0,127865.31,-14.71
2026-05-18,417.23,-3.19,0,127865.31,-14.71
2026-05-19,417.92,-7.94,0,127865.31,-14.71
2026-05-20,414.75,-6.63,0,127865.31,-14.71
2026-05-21,411.63,-4.83,0,127865.31,-14.71
2026-05-22,411.16,-8.14,0,127865.31,-14.71
2026-05-25,402.88,-7.67,0,127865.31,-14.71
2026-05-26,402.50,-8.29,0,127865.31,-14.71
2026-05-27,414.80,-6.77,0,127865.31,-14.71
2026-05-28,415.68,-4.42,0,127865.31,-14.71
2026-05-29,424.00,-0.86,0,127865.31,-14.71
2026-06-01,420.10,-5.60,0,127865.31,-14.71
2026-06-02,433.89,-0.48,0,127865.31,-14.71
2026-06-03,426.42,-7.30,0,127865.31,-14.71
2026-06-04,408.20,-9.62,0,127865.31,-14.71
2026-06-05,403.00,-7.78,0,127865.31,-14.71
2026-06-08,393.02,-11.90,0,127865.31,-14.71
2026-06-09,399.50,-7.36,0,127865.31,-14.71
2026-06-10,388.50,-10.49,0,127865.31,-14.71
2026-06-11,382.20,-10.49,0,127865.31,-14.71
2026-06-12,394.85,-6.79,0,127865.31,-14.71
2026-06-15,398.10,-4.59,0,127865.31,-14.71
2026-06-16,403.53,-3.44,0,127865.31,-14.71
2026-06-17,399.00,-3.80,0,127865.31,-14.71
2026-06-18,391.55,-4.88,0,127865.31,-14.71
2026-06-22,408.98,-0.53,0,127865.31,-14.71
2026-06-23,392.51,-2.57,0,127865.31,-14.71
2026-06-24,395.36,-1.77,0,127865.31,-14.71
2026-06-25,401.90,-3.11,0,127865.31,-14.71
2026-06-26,381.00,-8.34,0,127865.31,-14.71
2026-06-29,392.36,-7.46,0,127865.31,-14.71
2026-06-30,393.01,-6.45,0,127865.31,-14.71
2026-07-01,383.84,-11.54,0,127865.31,-14.71
2026-07-02,382.35,-10.33,0,127865.31,-14.71
2026-07-03,380.00,-6.91,0,127865.31,-14.71
2026-07-06,374.51,-7.07,0,127865.31,-14.71
2026-07-07,372.49,-5.22,0,127865.31,-14.71
2026-07-08,361.00,-9.64,0,127865.31,-14.71
2026-07-09,375.50,-3.35,0,127865.31,-14.71
2026-07-10,348.76,-8.75,0,127865.31,-14.71
2026-07-13,359.06,-9.06,0,127865.31,-14.71
2026-07-14,364.01,-8.56,0,127865.31,-14.71
2026-07-15,373.00,-7.57,0,127865.31,-14.71
2026-07-16,366.20,-8.22,0,127865.31,-14.71
2026-07-17,360.00,-8.06,0,127865.31,-14.71
2026-07-20,376.43,-7.96,0,127865.31,-14.71
2026-07-21,382.20,-2.63,0,127865.31,-14.71
2026-07-22,372.26,-5.84,0,127865.31,-14.71
2026-07-23,385.99,-3.96,0,127865.31,-14.71
2026-07-24,383.01,0.53,1,127865.31,-14.71
2026-07-27,400.00,1.95,0,133537.30,-10.92
2026-07-28,390.86,-0.55,-1,130485.98,-12.96
2026-07-29,396.84,3.39,1,130485.98,-12.96
2026-07-30,401.88,5.11,0,132143.19,-11.85
2026-07-31,395.30,4.03,0,129979.61,-13.30
2026-08-03,394.40,5.31,0,129683.67,-13.50
