交易日期,收盘价,S1上轨(20高),S1下轨(20低),S2上轨(55高),S2下轨(55低),ATR(20),做多开仓,做空开仓,多单加仓,空单加仓,平多仓,平空仓,持仓单位数,净持仓股数,累计收益率,策略净值,回撤幅度
2025-07-04,265.8,,,,,9.0,False,False,False,False,False,False,0,0,0.0,1000000.0,0.0
2025-07-07,260.89,,,,,9.049999999999999,False,False,False,False,False,False,0,0,0.0,1000000.0,0.0
2025-07-08,263.31,,,,,8.901499999999999,False,False,False,False,False,False,0,0,0.0,1000000.0,0.0
2025-07-09,270.8,,,,,9.074424999999996,False,False,False,False,False,False,0,0,0.0,1000000.0,0.0
2025-07-10,272.0,,,,,8.945203749999996,False,False,False,False,False,False,0,0,0.0,1000000.0,0.0
2025-07-11,271.5,,,,,8.692943562499995,False,False,False,False,False,False,0,0,0.0,1000000.0,0.0
2025-07-14,268.5,,,,,8.528296384374993,False,False,False,False,False,False,0,0,0.0,1000000.0,0.0
2025-07-15,267.75,,,,,8.426881565156243,False,False,False,False,False,False,0,0,0.0,1000000.0,0.0
2025-07-16,264.4,,,,,8.288537486898429,False,False,False,False,False,False,0,0,0.0,1000000.0,0.0
2025-07-17,265.5,,,,,8.043610612553506,False,False,False,False,False,False,0,0,0.0,1000000.0,0.0
2025-07-18,271.2,,,,,7.9889300819258295,False,False,False,False,False,False,0,0,0.0,1000000.0,0.0
2025-07-21,279.66,,,,,8.129483577829538,False,False,False,False,False,False,0,0,0.0,1000000.0,0.0
2025-07-22,286.66,,,,,8.264009398938061,False,False,False,False,False,False,0,0,0.0,1000000.0,0.0
2025-07-23,287.02,,,,,8.058808928991159,False,False,False,False,False,False,0,0,0.0,1000000.0,0.0
2025-07-24,285.2,,,,,7.970368482541598,False,False,False,False,False,False,0,0,0.0,1000000.0,0.0
2025-07-25,282.8,,,,,7.7443500584145175,False,False,False,False,False,False,0,0,0.0,1000000.0,0.0
2025-07-28,286.3,,,,,7.74663255549379,False,False,False,False,False,False,0,0,0.0,1000000.0,0.0
2025-07-29,291.82,,,,,7.644300927719099,False,False,False,False,False,False,0,0,0.0,1000000.0,0.0
2025-07-30,277.09,,,,,8.054085881333142,False,False,False,False,False,False,0,0,0.0,1000000.0,0.0
2025-07-31,264.62,,,,,8.519381587266485,False,False,False,False,False,False,0,0,0.0,1000000.0,0.0
2025-08-01,263.07,292.2,258.88,,,8.285912507903161,False,False,False,False,False,False,0,0,0.0,1000000.0,0.0
2025-08-04,266.48,292.2,258.88,,,8.186616882508003,False,False,False,False,False,False,0,0,0.0,1000000.0,0.0
2025-08-05,265.7,292.2,259.82,,,8.052286038382602,False,False,False,False,False,False,0,0,0.0,1000000.0,0.0
2025-08-06,265.0,292.2,261.7,,,7.83317173646347,False,False,False,False,False,False,0,0,0.0,1000000.0,0.0
2025-08-07,263.05,292.2,261.7,,,7.656013149640297,False,False,False,False,False,False,0,0,0.0,1000000.0,0.0
2025-08-08,263.48,292.2,261.7,,,7.4807124921582835,False,False,False,False,False,False,0,0,0.0,1000000.0,0.0
2025-08-11,263.66,292.2,261.7,,,7.289176867550368,False,False,False,False,False,False,0,0,0.0,1000000.0,0.0
2025-08-12,263.25,292.2,261.7,,,7.297718024172848,False,False,False,False,False,False,0,0,0.0,1000000.0,0.0
2025-08-13,273.6,292.2,257.72,,,7.520332122964206,False,False,False,False,False,False,0,0,0.0,1000000.0,0.0
2025-08-14,279.89,292.2,257.72,,,7.564315516815994,False,False,False,False,False,False,0,0,0.0,1000000.0,0.0
2025-08-15,280.67,292.2,257.72,,,7.496099740975193,False,False,False,False,False,False,0,0,0.0,1000000.0,0.0
2025-08-18,283.0,292.2,257.72,,,7.494294753926435,False,False,False,False,False,False,0,0,0.0,1000000.0,0.0
2025-08-19,277.8,292.2,257.72,,,7.508580016230112,False,False,False,False,False,False,0,0,0.0,1000000.0,0.0
2025-08-20,279.2,292.2,257.72,,,7.530151015418606,False,False,False,False,False,False,0,0,0.0,1000000.0,0.0
2025-08-21,279.0,292.2,257.72,,,7.343643464647676,False,False,False,False,False,False,0,0,0.0,1000000.0,0.0
2025-08-22,287.18,292.2,257.72,,,7.513961291415292,False,False,False,False,False,False,0,0,0.0,1000000.0,0.0
2025-08-25,290.28,292.2,257.72,,,7.493263226844528,False,False,False,False,False,False,0,0,0.0,1000000.0,0.0
2025-08-26,289.5,293.88,257.72,,,7.389100065502302,False,False,False,False,False,False,0,0,0.0,1000000.0,0.0
2025-08-27,278.3,293.88,257.72,,,7.587145062227188,False,False,False,False,False,False,0,0,0.0,1000000.0,0.0
2025-08-28,277.41,293.88,257.72,,,7.521287809115828,False,False,False,False,False,False,0,0,0.0,1000000.0,0.0
2025-08-29,306.18,293.88,257.72,,,9.107723418660036,True,False,False,False,False,False,1,1097,0.0,1000000.0,0.0
2025-09-01,304.0,316.66,257.72,,,9.032337247727032,False,False,False,False,False,False,1,1097,-0.002391460000000012,997608.54,-0.002391459999999963
2025-09-02,302.87,316.66,257.72,,,9.184220385340682,False,False,False,False,False,False,1,1097,-0.0036310699999999585,996368.93,-0.003631069999999949
2025-09-03,309.0,316.66,257.72,,,9.164009366073646,False,False,False,False,False,False,1,1097,0.0030935400000000612,1003093.54,0.0
2025-09-04,304.03,316.66,257.72,,,9.840808897769962,False,False,False,False,False,False,1,1097,-0.0023585499999999593,997641.45,-0.0054352757570346666
2025-09-05,325.11,323.33,257.72,,,10.613268452881465,False,False,True,False,False,False,2,1569,0.020766210000000118,1020766.2100000001,0.0
2025-09-08,325.37,325.11,257.72,,,10.79010503023739,False,False,False,False,False,False,2,1569,0.021174150000000003,1021174.15,0.0
2025-09-09,320.0,337.65,257.72,,,11.121599778725518,False,False,False,False,False,False,2,1569,0.012748619999999988,1012748.62,-0.00825082577736621
2025-09-10,316.04,337.65,264.51,,,11.015519789789241,False,False,False,False,False,False,2,1569,0.0065353800000000906,1006535.38,-0.014335233613189306
2025-09-11,322.55,337.65,272.05,,,11.16174380029978,False,False,False,False,False,False,2,1569,0.016749570000000213,1016749.5700000001,-0.0043328358830861105
2025-09-12,325.0,337.65,272.05,,,10.98865661028479,False,False,False,False,False,False,2,1569,0.02059362000000009,1020593.62,-0.0005684926513269338
2025-09-15,354.7,337.65,272.05,,,12.76522377977055,False,False,False,False,False,False,2,1569,0.0671929200000001,1067192.92,0.0
2025-09-16,353.42,371.52,272.05,,,12.651962590782022,False,False,False,False,False,False,2,1569,0.06518460000000026,1065184.6,-0.001881871555144718
2025-09-17,377.1,371.52,272.05,,,13.442364461242919,False,False,False,False,False,False,2,1569,0.10233852000000021,1102338.52,0.0
2025-09-18,366.89,381.88,272.72,,,13.730246238180772,False,False,False,False,False,False,2,1569,0.08631903000000007,1086319.0299999998,-0.014532278160796035
2025-09-19,368.49,381.88,272.72,381.88,257.72,13.743233926271731,False,False,False,False,False,False,2,1569,0.08882943000000032,1088829.4300000002,-0.01225493780259067
2025-09-22,370.05,381.88,272.72,381.88,257.72,13.553072229958147,False,False,False,False,False,False,2,1569,0.0912770700000003,1091277.07,-0.010034530953340861
2025-09-23,368.15,381.88,272.72,381.88,257.72,13.723418618460238,False,False,False,False,False,False,2,1569,0.08829597000000033,1088295.97,-0.012738872628709414
2025-09-24,379.93,381.88,272.72,381.88,257.72,13.734247687537225,False,False,False,False,False,False,2,1569,0.10677879000000035,1106778.79,0.0
2025-09-25,392.85,381.88,272.72,381.88,257.72,14.353535303160362,True,False,False,False,False,False,3,2354,0.12705027000000024,1127050.27,0.0
2025-09-26,380.4,402.59,277.95,402.59,257.72,14.635358538002343,False,False,False,False,False,False,3,2354,0.0977429700000001,1097742.97,-0.02600354285882922
2025-09-29,397.37,402.59,299.03,402.59,257.72,14.878090611102227,False,False,False,False,False,False,3,2354,0.1376903500000004,1137690.35,0.0
2025-09-30,402.0,402.59,299.03,402.59,257.72,14.778186080547115,False,False,True,False,False,False,4,2997,0.14858937000000028,1148589.37,0.0
2025-10-09,409.89,408.88,299.82,408.88,257.72,15.27027677651976,False,False,True,False,False,False,5,2998,0.17223569999999988,1172235.6999999997,0.0
2025-10-10,381.95,424.36,299.82,424.36,257.72,16.050762937693772,False,False,False,False,True,False,2,1569,0.08475538897270685,1084755.3889727066,-0.07462689545054217
2025-10-13,374.5,424.36,299.82,424.36,257.72,16.335224790809082,False,False,False,False,False,False,2,1569,0.07306633897270665,1073066.3389727066,-0.08459848222272463
2025-10-14,358.0,424.36,309.04,424.36,257.72,17.019963551268628,False,False,False,False,True,False,0,0,0.047177838972706665,1047177.8389727066,-0.10668320460406826
2025-10-15,369.3,424.36,309.04,424.36,257.72,16.916465373705194,False,False,False,False,False,False,0,0,0.047177838972706665,1047177.8389727066,-0.10668320460406826
2025-10-16,368.5,424.36,309.04,424.36,257.72,16.54064210501993,False,False,False,False,False,False,0,0,0.047177838972706665,1047177.8389727066,-0.10668320460406826
2025-10-17,358.14,424.36,309.04,424.36,257.72,16.61410999976893,False,False,False,False,False,False,0,0,0.047177838972706665,1047177.8389727066,-0.10668320460406826
2025-10-20,366.5,424.36,322.2,424.36,257.72,16.320904499780486,False,False,False,False,False,False,0,0,0.047177838972706665,1047177.8389727066,-0.10668320460406826
2025-10-21,375.9,424.36,344.02,424.36,257.72,16.417359274791462,False,False,False,False,False,False,0,0,0.047177838972706665,1047177.8389727066,-0.10668320460406826
2025-10-22,372.86,424.36,348.5,424.36,257.72,16.130491311051887,False,False,False,False,False,False,0,0,0.047177838972706665,1047177.8389727066,-0.10668320460406826
2025-10-23,376.45,424.36,354.0,424.36,257.72,15.813966745499293,False,False,False,False,False,False,0,0,0.047177838972706665,1047177.8389727066,-0.10668320460406826
2025-10-24,385.77,424.36,354.76,424.36,257.72,15.59076840822433,False,False,False,False,False,False,0,0,0.047177838972706665,1047177.8389727066,-0.10668320460406826
2025-10-27,386.18,424.36,354.76,424.36,257.72,15.632729987813113,False,False,False,False,False,False,0,0,0.047177838972706665,1047177.8389727066,-0.10668320460406826
2025-10-28,386.48,424.36,354.76,424.36,257.72,15.390093488422458,False,False,False,False,False,False,0,0,0.047177838972706665,1047177.8389727066,-0.10668320460406826
2025-10-29,400.0,424.36,354.76,424.36,257.72,15.387588814001337,False,False,False,False,False,False,0,0,0.047177838972706665,1047177.8389727066,-0.10668320460406826
2025-10-30,398.29,424.36,354.76,424.36,257.72,15.23070937330127,False,False,False,False,False,False,0,0,0.047177838972706665,1047177.8389727066,-0.10668320460406826
2025-10-31,388.77,424.36,354.76,424.36,257.72,15.399173904636207,False,False,False,False,False,False,0,0,0.047177838972706665,1047177.8389727066,-0.10668320460406826
2025-11-03,386.86,424.36,354.76,424.36,257.72,15.436215209404399,False,False,False,False,False,False,0,0,0.047177838972706665,1047177.8389727066,-0.10668320460406826
2025-11-04,378.95,424.36,354.76,424.36,257.72,15.307404448934179,False,False,False,False,False,False,0,0,0.047177838972706665,1047177.8389727066,-0.10668320460406826
2025-11-05,388.7,424.36,354.76,424.36,257.72,15.592034226487469,False,False,False,False,False,False,0,0,0.047177838972706665,1047177.8389727066,-0.10668320460406826
2025-11-06,394.68,424.36,354.76,424.36,264.51,15.351932515163096,False,False,False,False,False,False,0,0,0.047177838972706665,1047177.8389727066,-0.10668320460406826
2025-11-07,395.37,409.08,354.76,424.36,272.05,15.01583588940494,False,False,False,False,False,False,0,0,0.047177838972706665,1047177.8389727066,-0.10668320460406826
2025-11-10,384.51,409.08,354.76,424.36,272.05,15.114544094934693,False,False,False,False,False,False,0,0,0.047177838972706665,1047177.8389727066,-0.10668320460406826
2025-11-11,385.6,409.08,354.76,424.36,272.05,14.872316890187957,False,False,False,False,False,False,0,0,0.047177838972706665,1047177.8389727066,-0.10668320460406826
2025-11-12,386.38,409.08,354.76,424.36,272.05,14.579201045678557,False,False,False,False,False,False,0,0,0.047177838972706665,1047177.8389727066,-0.10668320460406826
2025-11-13,415.6,409.08,356.99,424.36,272.05,15.66274099339463,True,False,False,False,False,False,1,668,0.047177838972706665,1047177.8389727066,-0.10668320460406826
2025-11-14,404.12,421.3,356.99,424.36,272.72,15.465603943724899,False,False,False,False,False,False,1,668,0.03950919897270655,1039509.1989727065,-0.11322509716031794
2025-11-17,390.78,421.3,359.53,424.36,272.72,15.773323746538654,False,False,False,False,True,False,0,0,0.02625241700553138,1026252.4170055313,-0.12453407023388598
2025-11-18,385.0,421.3,363.1,424.36,272.72,15.866157559211722,False,False,False,False,False,False,0,0,0.02625241700553138,1026252.4170055313,-0.12453407023388598
2025-11-19,391.1,421.3,368.2,424.36,272.72,15.746849681251136,False,False,False,False,False,False,0,0,0.02625241700553138,1026252.4170055313,-0.12453407023388598
2025-11-20,379.39,421.3,369.0,424.36,272.72,15.85900719718858,False,False,False,False,False,False,0,0,0.02625241700553138,1026252.4170055313,-0.12453407023388598
2025-11-21,370.0,421.3,372.0,424.36,272.72,15.71605683732915,False,True,False,False,False,False,1,-652,0.02625241700553138,1026252.4170055313,-0.12453407023388598
2025-11-24,370.55,421.3,370.0,424.36,277.95,15.31625399546269,False,False,False,False,False,False,1,-652,0.025893817005531394,1025893.8170055313,-0.1248399814085755
2025-11-25,372.36,421.3,367.18,424.36,299.03,15.005941295689555,False,False,False,False,False,False,1,-652,0.0247136970055315,1024713.6970055313,-0.12584670727437192
2025-11-26,372.82,421.3,367.18,424.36,299.03,14.527144230905076,False,False,False,False,False,False,1,-652,0.02441377700553149,1024413.7770055312,-0.12610256025683958
2025-11-27,371.2,421.3,367.18,424.36,299.82,14.244787019359821,False,False,False,False,False,False,1,-652,0.02547001700553153,1025470.0170055312,-0.12520151279684497
2025-11-28,373.2,421.3,367.18,424.36,299.82,13.99854766839183,False,False,False,False,False,False,1,-652,0.02416601700553156,1024166.0170055312,-0.12631391706844325
2025-12-01,382.97,421.3,366.16,424.36,299.82,13.78712028497224,False,False,False,False,False,False,1,-652,0.017795977005531594,1017795.9770055312,-0.1317480119352009
2025-12-02,380.08,421.3,366.16,424.36,309.04,13.47676427072363,False,False,False,False,False,False,1,-652,0.019680257005531665,1019680.2570055312,-0.13014058776274134
2025-12-03,376.08,421.3,366.16,424.36,309.04,13.221426057187447,False,False,False,False,False,False,1,-652,0.02228825700553161,1022288.2570055312,-0.12791577921954478
2025-12-04,383.35,421.3,366.16,424.36,309.04,12.982854754328077,False,False,False,False,False,False,1,-652,0.017548217005531663,1017548.2170055313,-0.13195936874680447
2025-12-05,389.09,421.3,366.16,424.36,309.04,12.699212016611673,False,False,False,False,False,True,0,0,0.01380573700553156,1013805.7370055313,-0.1351519690062915
2025-12-08,392.5,421.3,366.16,424.36,322.2,12.558251415781088,False,False,False,False,False,False,0,0,0.01380573700553156,1013805.7370055313,-0.1351519690062915
2025-12-09,387.59,421.3,366.16,424.36,344.02,12.255338844992034,False,False,False,False,False,False,0,0,0.01380573700553156,1013805.7370055313,-0.1351519690062915
2025-12-10,382.38,421.3,366.16,424.36,348.5,12.179571902742433,False,False,False,False,False,False,0,0,0.01380573700553156,1013805.7370055313,-0.1351519690062915
2025-12-11,388.99,421.3,366.16,424.36,354.0,12.394593307605312,False,False,False,False,False,False,0,0,0.01380573700553156,1013805.7370055313,-0.1351519690062915
2025-12-12,391.8,414.6,366.16,424.36,354.76,12.169363642225045,False,False,False,False,False,False,0,0,0.01380573700553156,1013805.7370055313,-0.1351519690062915
2025-12-15,385.5,398.86,366.16,424.36,354.76,12.048895460113796,False,False,False,False,False,False,0,0,0.01380573700553156,1013805.7370055313,-0.1351519690062915
2025-12-16,378.41,398.86,366.16,424.36,354.76,11.998950687108106,False,False,False,False,False,False,0,0,0.01380573700553156,1013805.7370055313,-0.1351519690062915
2025-12-17,383.42,398.86,366.16,424.36,354.76,11.871003152752701,False,False,False,False,False,False,0,0,0.01380573700553156,1013805.7370055313,-0.1351519690062915
2025-12-18,372.0,398.86,366.16,424.36,354.76,11.947952995115067,False,False,False,False,False,False,0,0,0.01380573700553156,1013805.7370055313,-0.1351519690062915
2025-12-19,374.0,398.86,366.16,424.36,354.76,11.694555345359312,False,False,False,False,False,False,0,0,0.01380573700553156,1013805.7370055313,-0.1351519690062915
2025-12-22,371.84,398.86,366.16,424.36,354.76,11.604327578091345,False,False,False,False,False,False,0,0,0.01380573700553156,1013805.7370055313,-0.1351519690062915
2025-12-23,378.1,398.86,366.16,424.36,354.76,11.469111199186777,False,False,False,False,False,False,0,0,0.01380573700553156,1013805.7370055313,-0.1351519690062915
2025-12-24,375.6,398.86,366.16,424.36,354.76,11.200655639227438,False,False,False,False,False,False,0,0,0.01380573700553156,1013805.7370055313,-0.1351519690062915
2025-12-25,373.01,398.86,366.16,424.36,354.76,10.964622857266066,False,False,False,False,False,False,0,0,0.01380573700553156,1013805.7370055313,-0.1351519690062915
2025-12-26,374.43,398.86,366.16,421.3,354.76,10.811391714402761,False,False,False,False,False,False,0,0,0.01380573700553156,1013805.7370055313,-0.1351519690062915
2025-12-29,369.31,398.86,368.1,421.3,354.76,10.592322128682623,False,False,False,False,False,False,0,0,0.01380573700553156,1013805.7370055313,-0.1351519690062915
2025-12-30,369.2,398.86,368.0,421.3,354.76,10.284706022248491,False,False,False,False,False,False,0,0,0.01380573700553156,1013805.7370055313,-0.1351519690062915
2025-12-31,367.26,398.86,366.56,421.3,354.76,10.012970721136067,False,False,False,False,False,False,0,0,0.01380573700553156,1013805.7370055313,-0.1351519690062915
2026-01-05,377.5,398.86,366.56,421.3,356.99,10.049322185079264,False,False,False,False,False,False,0,0,0.01380573700553156,1013805.7370055313,-0.1351519690062915
2026-01-06,373.99,398.86,366.56,421.3,356.99,10.1198560758253,False,False,False,False,False,False,0,0,0.01380573700553156,1013805.7370055313,-0.1351519690062915
2026-01-07,371.01,398.86,366.56,421.3,359.53,9.963363272034035,False,False,False,False,False,False,0,0,0.01380573700553156,1013805.7370055313,-0.1351519690062915
2026-01-08,369.21,398.86,366.56,421.3,363.1,9.781695108432332,False,False,False,False,False,False,0,0,0.01380573700553156,1013805.7370055313,-0.1351519690062915
2026-01-09,369.23,398.86,366.56,421.3,366.16,9.823610353010716,False,False,False,False,False,False,0,0,0.01380573700553156,1013805.7370055313,-0.1351519690062915
2026-01-12,361.68,398.86,366.56,421.3,366.16,10.21092983536018,False,True,False,False,False,False,2,-1984,0.013805737005531782,1013805.7370055314,-0.13515196900629142
2026-01-13,359.0,394.97,351.66,421.3,351.66,10.23888334359217,False,False,False,False,False,False,2,-1984,0.019122857005531735,1019122.8570055314,-0.1306160894046038
2026-01-14,353.98,394.97,351.66,421.3,351.66,10.202439176412563,False,False,False,True,False,False,4,-2906,0.02908253700553165,1029082.5370055314,-0.12211977761338302
2026-01-15,353.75,389.08,351.66,421.3,351.66,10.016317217591933,False,False,False,False,False,False,4,-2906,0.029750917005531674,1029750.9170055315,-0.12154960217852798
2026-01-16,352.32,384.5,351.66,421.3,351.66,10.026001356712337,False,False,False,False,False,False,4,-2906,0.03390649700553161,1033906.4970055316,-0.11800459838790799
2026-01-19,348.9,380.95,351.51,421.3,351.51,10.025201288876719,False,False,False,False,False,False,4,-2906,0.04384501700553134,1043845.0170055315,-0.1095263375739779
2026-01-20,349.6,380.5,345.33,421.3,345.33,9.974441224432885,False,False,False,False,False,False,4,-2906,0.04181081700553135,1041810.8170055315,-0.11126165411484076
2026-01-21,349.81,380.5,345.33,421.3,345.33,9.91021916321124,False,False,False,False,False,False,4,-2906,0.04120055700553116,1041200.5570055314,-0.11178224907709974
2026-01-22,345.8,380.5,345.33,421.3,345.33,10.126208205050679,False,False,False,True,False,False,6,-3044,0.05285361700553115,1052853.6170055314,-0.10184136432158508
2026-01-23,347.0,380.5,339.5,421.3,339.5,9.957397794798144,False,False,False,False,False,False,6,-3044,0.04920081700553114,1049200.8170055314,-0.10495746119527699
2026-01-26,342.05,380.5,339.5,421.3,339.5,10.026527905058238,False,False,False,False,False,False,6,-3044,0.06426861700553088,1064268.6170055312,-0.09210356159129818
2026-01-27,339.4,380.5,339.5,421.3,339.5,10.069201509805325,False,False,False,True,False,False,8,-3158,0.0723352170055307,1072335.217005531,-0.08522218099522876
2026-01-28,339.99,380.5,334.02,421.3,334.02,10.115241434315058,False,False,False,False,False,False,8,-3158,0.07047199700553075,1070471.997005531,-0.08681163949747363
2026-01-29,341.89,380.5,333.01,421.3,333.01,9.959479362599305,False,False,False,False,False,False,8,-3158,0.06447179700553063,1064471.797005531,-0.09193023467419464
2026-01-30,350.0,380.5,333.01,421.3,333.01,10.05500539446934,False,False,False,False,False,False,8,-3158,0.03886041700553089,1038860.417005531,-0.11377855408640833
2026-02-02,348.98,380.5,333.01,421.3,333.01,10.245255124745874,False,False,False,False,False,False,8,-3158,0.042081577005530724,1042081.5770055307,-0.11103067667574792
2026-02-03,347.91,380.5,333.01,414.6,333.01,10.197992368508581,False,False,False,False,False,False,8,-3158,0.045460637005530824,1045460.6370055308,-0.10814809939201561
2026-02-04,365.03,377.63,333.01,398.86,333.01,10.645092750083151,False,False,False,False,False,True,0,0,0.008738140269600736,1008738.1402696007,-0.13947498760735497
2026-02-05,362.94,377.63,333.01,398.86,333.01,10.649338112578993,False,False,False,False,False,False,0,0,0.008738140269600736,1008738.1402696007,-0.13947498760735497
2026-02-06,369.11,377.63,333.01,398.86,333.01,10.860371206950044,False,False,False,False,False,False,0,0,0.008738140269600736,1008738.1402696007,-0.13947498760735497
2026-02-09,368.82,372.88,333.01,398.86,333.01,10.81235264660254,False,False,False,False,False,False,0,0,0.008738140269600736,1008738.1402696007,-0.13947498760735497
2026-02-10,364.97,372.88,333.01,398.86,333.01,10.611735014272412,False,False,False,False,False,False,0,0,0.008738140269600736,1008738.1402696007,-0.13947498760735497
2026-02-11,368.0,372.88,333.01,398.86,333.01,10.405648263558792,False,False,False,False,False,False,0,0,0.008738140269600736,1008738.1402696007,-0.13947498760735497
2026-02-12,375.87,372.88,333.01,398.86,333.01,10.379365850380852,True,False,False,False,False,False,1,971,0.008738140269600736,1008738.1402696007,-0.13947498760735497
2026-02-13,365.34,377.88,333.01,398.86,333.01,10.45989755786181,False,False,False,False,False,False,1,971,-0.0014864897303993319,998513.5102696007,-0.14819732049655124
2026-02-24,361.95,377.88,333.01,398.86,333.01,10.51440267996872,False,False,False,False,False,False,1,971,-0.00477817973039929,995221.8202696007,-0.15100536498794487
2026-02-25,362.18,377.88,333.01,398.86,333.01,10.313682545970284,False,False,False,False,False,False,1,971,-0.004554849730399435,995445.1502696007,-0.1508148486950185
2026-02-26,346.0,377.88,333.01,398.86,333.01,10.73199841867177,False,False,False,False,True,False,0,0,-0.011418588211839054,988581.411788161,-0.15667010330076003
2026-02-27,342.01,377.88,333.01,398.86,333.01,10.541898497738181,False,False,False,False,False,False,0,0,-0.011418588211839054,988581.411788161,-0.15667010330076003
2026-03-02,340.22,377.88,333.01,398.86,333.01,10.42580357285127,False,False,False,False,False,False,0,0,-0.011418588211839054,988581.411788161,-0.15667010330076003
2026-03-03,344.07,377.88,333.01,398.86,333.01,10.611013394208706,False,False,False,False,False,False,0,0,-0.011418588211839054,988581.411788161,-0.15667010330076003
2026-03-04,338.9,377.88,333.01,398.86,333.01,10.573962724498271,False,False,False,False,False,False,0,0,-0.011418588211839054,988581.411788161,-0.15667010330076003
2026-03-05,350.25,377.88,333.01,398.86,333.01,10.792764588273359,False,False,False,False,False,False,0,0,-0.011418588211839054,988581.411788161,-0.15667010330076003
2026-03-06,354.77,377.88,334.2,398.86,333.01,10.871126358859689,False,False,False,False,False,False,0,0,-0.011418588211839054,988581.411788161,-0.15667010330076003
2026-03-09,357.5,377.88,334.2,398.86,333.01,11.067070040916706,False,False,False,False,False,False,0,0,-0.011418588211839054,988581.411788161,-0.15667010330076003
2026-03-10,376.3,377.88,334.2,398.86,333.01,11.627216538870869,False,False,False,False,False,False,0,0,-0.011418588211839054,988581.411788161,-0.15667010330076003
2026-03-11,396.8,379.77,334.2,394.97,333.01,12.408355711927324,True,False,False,False,False,False,2,1592,-0.011418588211838832,988581.4117881611,-0.15667010330075992
2026-03-12,395.5,403.55,334.2,403.55,333.01,12.197937926330956,False,False,False,False,False,False,2,1592,-0.013488188211838947,986511.811788161,-0.15843561854654206
2026-03-13,397.0,403.55,334.2,403.55,333.01,12.097541030014408,False,False,False,False,False,False,2,1592,-0.01110018821183889,988899.811788161,-0.15639848557063968
2026-03-16,408.4,403.99,334.2,403.99,333.01,12.301163978513689,False,False,True,False,False,False,4,2464,0.007048611788161185,1007048.6117881611,-0.14091627495378162
2026-03-17,405.0,413.17,334.2,413.17,333.01,12.458105779588003,False,False,False,False,False,False,4,2464,-0.0013289882118386886,998671.0117881611,-0.1480629605563443
2026-03-18,402.02,420.0,334.2,420.0,333.01,12.296700490608604,False,False,False,False,False,False,4,2464,-0.008671708211838602,991328.2917881612,-0.1543268202903551
2026-03-19,400.5,420.0,334.2,420.0,333.01,12.381865466078173,False,False,False,False,False,False,4,2464,-0.012416988211838564,987583.0117881611,-0.1575218091479714
2026-03-20,413.0,420.0,334.2,420.0,333.01,12.860272192774262,False,False,False,False,False,False,4,2464,0.018383011788161596,1018383.0117881611,-0.13124722972678501
2026-03-23,401.99,422.08,334.2,422.08,333.01,13.14775858313555,False,False,False,False,False,False,4,2464,-0.008745628211838441,991254.3717881611,-0.15438987928096598
2026-03-24,396.99,422.08,334.2,422.08,333.01,13.68537065397877,False,False,False,False,False,False,4,2464,-0.02106562821183844,978934.3717881611,-0.16489971104944054
2026-03-25,397.81,422.08,334.2,422.08,333.01,13.636102121279832,False,False,False,False,False,False,4,2464,-0.019045148211838336,980954.8517881612,-0.16317609863941063
2026-03-26,402.5,422.08,334.2,422.08,333.01,14.040297015215842,False,False,False,False,False,False,4,2464,-0.007488988211838521,992511.0117881611,-0.15331787644058156
2026-03-27,416.18,422.08,334.2,422.08,333.01,14.168282164455048,False,False,False,False,False,False,4,2464,0.02621853178816158,1026218.5317881611,-0.12456297672203517
2026-03-30,413.0,422.08,334.2,422.08,333.01,14.122368056232295,False,False,False,False,False,False,4,2464,0.018383011788161596,1018383.0117881611,-0.13124722972678501
2026-03-31,401.7,422.08,334.2,422.08,333.01,14.18474965342068,False,False,False,False,False,False,4,2464,-0.00946018821183836,990539.8117881612,-0.15499944952353745
2026-04-01,405.71,422.08,334.2,422.08,333.01,14.169012170749646,False,False,False,False,False,False,4,2464,0.0004204517881616354,1000420.4517881611,-0.14657056444522096
2026-04-02,401.17,422.08,342.66,422.08,333.01,14.200061562212165,False,False,False,False,False,False,4,2464,-0.010766108211838321,989233.8917881611,-0.15611349169099578
2026-04-03,386.46,422.08,344.66,422.08,333.01,14.292058484101556,False,False,False,False,True,False,2,1232,-0.047011548211838394,952988.4517881611,-0.18703341675384796
2026-04-07,384.59,422.08,345.06,422.08,333.01,14.162955559896476,False,False,False,False,True,False,0,0,-0.05029153625489613,949708.4637451033,-0.1898314786479344
2026-04-08,391.3,422.08,366.5,422.08,333.01,14.107807781901652,False,False,False,False,False,False,0,0,-0.05029153625489613,949708.4637451033,-0.1898314786479344
2026-04-09,389.99,422.08,378.98,422.08,333.01,13.783417392806566,False,False,False,False,False,False,0,0,-0.05029153625489613,949708.4637451033,-0.1898314786479344
2026-04-10,416.0,422.08,381.49,422.08,333.01,14.544746523166237,False,False,False,False,False,False,0,0,-0.05029153625489613,949708.4637451033,-0.1898314786479344
2026-04-13,427.13,422.08,381.49,422.08,333.01,14.684009197007924,True,False,False,False,False,False,2,1292,-0.05029153625489613,949708.4637451033,-0.1898314786479344
2026-04-14,430.79,433.33,381.49,433.33,333.01,14.85430873715753,False,False,False,False,False,False,2,1292,-0.045562816254896,954437.1837451034,-0.18579754588168262
2026-04-15,431.0,433.33,381.49,433.33,333.01,14.731093300299651,False,False,False,False,False,False,2,1292,-0.045291496254896035,954708.5037451034,-0.18556609072296332
2026-04-16,453.98,439.46,381.49,439.46,333.01,15.444538635284669,False,False,True,False,False,False,4,2168,-0.015601336254896014,984398.6637451034,-0.16023828335453047
2026-04-17,444.2,460.0,381.49,460.0,333.01,15.503811703520435,False,False,False,False,False,False,4,2168,-0.036804376254896076,963195.6237451034,-0.17832597681071852
2026-04-20,432.5,460.0,381.49,460.0,333.01,15.638121118344413,False,False,False,False,False,False,4,2168,-0.062169976254896175,937830.0237451033,-0.19996462849143437
2026-04-21,447.6,460.0,381.49,460.0,333.01,16.10771506242719,False,False,False,False,False,False,4,2168,-0.029433176254896054,970566.8237451033,-0.17203782162145073
2026-04-22,436.35,460.0,381.49,460.0,333.01,16.04432930930583,False,False,False,False,False,False,4,2168,-0.05382317625489608,946176.8237451033,-0.1928442174682928
2026-04-23,438.9,460.0,381.49,460.0,333.01,15.672112843840539,False,False,False,False,False,False,4,2168,-0.04829477625489609,951705.2237451032,-0.18812810107634204
2026-04-24,444.9,460.0,381.49,460.0,333.01,15.411007201648511,False,False,False,False,False,False,4,2168,-0.03528677625489607,964713.2237451032,-0.1770313566246929
2026-04-27,434.88,460.0,381.49,460.0,334.2,15.388456841566084,False,False,False,False,False,False,4,2168,-0.05701013625489626,942989.8637451031,-0.195562919858947
2026-04-28,427.67,460.0,381.49,460.0,334.2,15.213033999487779,False,False,False,False,True,False,0,0,-0.08256885577749029,917431.1442225091,-0.21736631615765556
2026-04-29,445.0,460.0,381.49,460.0,334.2,15.326382299513387,False,False,False,False,False,False,0,0,-0.08256885577749029,917431.1442225091,-0.21736631615765556
2026-04-30,436.0,460.0,381.49,460.0,334.2,15.235063184537717,False,False,False,False,False,False,0,0,-0.08256885577749029,917431.1442225091,-0.21736631615765556
2026-05-06,460.0,460.0,381.49,460.0,334.2,15.96731002531083,False,False,False,False,False,False,0,0,-0.08256885577749029,917431.1442225091,-0.21736631615765556
2026-05-07,451.64,465.88,381.49,465.88,334.2,16.25644452404529,False,False,False,False,False,False,0,0,-0.08256885577749029,917431.1442225091,-0.21736631615765556
2026-05-08,437.0,468.75,381.49,468.75,334.2,16.408622297843024,False,False,False,False,False,False,0,0,-0.08256885577749029,917431.1442225091,-0.21736631615765556
2026-05-11,446.11,468.75,386.66,468.75,334.2,16.35869118295087,False,False,False,False,False,False,0,0,-0.08256885577749029,917431.1442225091,-0.21736631615765556
2026-05-12,431.25,468.75,386.66,468.75,334.2,16.418756623803326,False,False,False,False,False,False,0,0,-0.08256885577749029,917431.1442225091,-0.21736631615765556
2026-05-13,434.05,468.75,392.68,468.75,334.2,16.07281879261316,False,False,False,False,False,False,0,0,-0.08256885577749029,917431.1442225091,-0.21736631615765556
2026-05-14,427.0,468.75,414.4,468.75,334.2,16.4416778529825,False,False,False,False,False,False,0,0,-0.08256885577749029,917431.1442225091,-0.21736631615765556
2026-05-15,423.6,468.75,414.4,468.75,334.2,16.144593960333374,False,False,False,False,False,False,0,0,-0.08256885577749029,917431.1442225091,-0.21736631615765556
2026-05-18,417.23,468.75,421.0,468.75,334.2,15.817364262316707,False,True,False,False,False,False,1,-580,-0.0825688557774904,917431.144222509,-0.21736631615765564
2026-05-19,417.92,468.75,414.0,468.75,334.2,15.681496049200868,False,False,False,False,False,False,1,-580,-0.08296905577749036,917030.944222509,-0.21770771507597894
2026-05-20,414.75,468.75,406.8,468.75,334.2,15.413921246740824,False,False,False,False,False,False,1,-580,-0.08113045577749034,918869.544222509,-0.2161392591758558
2026-05-21,411.63,468.75,406.8,468.75,334.2,15.453225184403781,False,False,False,False,False,False,1,-580,-0.07932085577749048,920679.144222509,-0.21459554232778508
2026-05-22,411.16,468.75,406.8,468.75,334.2,15.00556392518359,False,False,False,False,False,False,1,-580,-0.07904825577749064,920951.744222509,-0.2143629952384924
2026-05-25,402.88,468.75,406.8,468.75,334.2,14.980285728924411,False,False,False,True,False,False,2,-1148,-0.07424585577749043,925754.1442225091,-0.21026620821861222
2026-05-26,402.5,468.75,400.0,468.75,334.2,14.651771442478188,False,False,False,False,False,False,2,-1148,-0.07380961577749057,926190.3842225091,-0.20989406463008306
2026-05-27,414.8,468.75,400.0,468.75,342.66,15.239182870354277,False,False,False,False,False,False,2,-1148,-0.0879300157774906,912069.9842225091,-0.22193976499563245
2026-05-28,415.68,468.75,400.0,468.75,344.66,15.196223726836562,False,False,False,False,False,False,2,-1148,-0.08894025577749065,911059.7442225091,-0.22280157120064736
2026-05-29,424.0,468.75,400.0,468.75,345.06,15.195412540494734,False,False,False,False,False,False,2,-1148,-0.09849161577749066,901508.3842225091,-0.23094955713897017
2026-06-01,420.1,468.75,400.0,468.75,366.5,15.438641913469997,False,False,False,False,False,True,0,0,-0.1086405918111012,891359.4081888986,-0.23960735184152915
2026-06-02,433.89,468.75,400.0,468.75,378.98,15.549209817796495,False,False,False,False,False,False,0,0,-0.1086405918111012,891359.4081888986,-0.23960735184152915
2026-06-03,426.42,468.75,400.0,468.75,381.49,15.616749326906668,False,False,False,False,False,False,0,0,-0.1086405918111012,891359.4081888986,-0.23960735184152915
2026-06-04,408.2,468.75,400.0,468.75,381.49,15.821911860561332,False,False,False,False,False,False,0,0,-0.1086405918111012,891359.4081888986,-0.23960735184152915
2026-06-05,403.0,455.5,400.0,468.75,381.49,15.528316267533265,False,False,False,False,False,False,0,0,-0.1086405918111012,891359.4081888986,-0.23960735184152915
2026-06-08,393.02,450.51,400.0,468.75,381.49,15.366900454156601,False,True,False,False,False,False,1,-580,-0.10864059181110097,891359.4081888987,-0.23960735184152904
2026-06-09,399.5,450.45,390.7,468.75,381.49,15.292055431448771,False,False,False,False,False,False,1,-580,-0.11239899181110091,887601.0081888987,-0.24281353298752215
2026-06-10,388.5,450.45,388.0,468.75,381.49,15.246452659876333,False,False,False,False,False,False,1,-580,-0.10601899181110097,893981.0081888987,-0.23737094153599067
2026-06-11,382.2,450.45,385.12,468.75,381.49,15.049630026882516,False,False,False,True,False,False,2,-1174,-0.10236499181110104,897635.0081888987,-0.23425382097738628
2026-06-12,394.85,438.24,380.03,468.75,380.03,15.164148525538392,False,False,False,False,False,False,2,-1174,-0.11721609181110104,882783.9081888987,-0.24692286014758047
2026-06-15,398.1,438.24,380.03,468.75,380.03,15.13044109926147,False,False,False,False,False,False,2,-1174,-0.12103159181110101,878968.4081888987,-0.25017775163399397
2026-06-16,403.53,438.24,380.03,468.75,380.03,14.919919044298393,False,False,False,False,False,False,2,-1174,-0.12740641181110102,872593.5881888987,-0.2556159241789864
2026-06-17,399.0,438.24,380.03,468.75,380.03,14.571423092083473,False,False,False,False,False,False,2,-1174,-0.12208819181110109,877911.8081888987,-0.25107910619946233
2026-06-18,391.55,438.24,380.03,468.75,380.03,14.841351937479297,False,False,False,False,False,False,2,-1174,-0.11334189181110099,886658.1081888988,-0.24361789340752976
2026-06-22,408.98,438.24,380.03,468.75,380.03,15.465784340605332,False,False,False,False,False,True,0,0,-0.137701523114221,862298.4768857787,-0.26439838260703125
2026-06-23,392.51,438.24,380.03,468.75,380.03,15.857995123575066,False,False,False,False,False,False,0,0,-0.137701523114221,862298.4768857787,-0.26439838260703125
2026-06-24,395.36,438.24,380.03,468.75,380.03,15.69559536739631,False,False,False,False,False,False,0,0,-0.137701523114221,862298.4768857787,-0.26439838260703125
2026-06-25,401.9,438.24,380.03,468.75,380.03,15.409315599026495,False,False,False,False,False,False,0,0,-0.137701523114221,862298.4768857787,-0.26439838260703125
2026-06-26,381.0,438.24,380.03,468.75,380.03,16.07934981907517,False,False,False,False,False,False,0,0,-0.137701523114221,862298.4768857787,-0.26439838260703125
2026-06-29,392.36,438.24,380.03,468.75,380.03,16.16538232812141,False,False,False,False,False,False,0,0,-0.137701523114221,862298.4768857787,-0.26439838260703125
2026-06-30,393.01,438.24,378.2,468.75,378.2,15.975113211715339,False,False,False,False,False,False,0,0,-0.137701523114221,862298.4768857787,-0.26439838260703125
2026-07-01,383.84,437.75,378.2,468.75,378.2,16.32685755112957,False,False,False,False,False,False,0,0,-0.137701523114221,862298.4768857787,-0.26439838260703125
2026-07-02,382.35,437.0,370.0,468.75,370.0,16.040514673573092,False,False,False,False,False,False,0,0,-0.137701523114221,862298.4768857787,-0.26439838260703125
2026-07-03,380.0,426.9,370.0,468.75,370.0,15.685988939894436,False,False,False,False,False,False,0,0,-0.137701523114221,862298.4768857787,-0.26439838260703125
