股票代码,交易日期,开盘价,最高价,最低价,收盘价,前收盘价,涨跌额,涨跌幅(%),成交量(手),成交额(千元),RSI_14,DIF,DEA,MACD,BOLL_MID,BOLL_STD,BOLL_UPPER,BOLL_LOWER,K,D,J
300750.SZ,2025-07-04,265.01,269.98,260.98,265.8,262.59,3.21,1.2224,272060.13,7214227.943,,0.0,0.0,0.0,,,,,50.0,50.0,0.0
300750.SZ,2025-07-07,265.8,268.88,258.88,260.89,265.8,-4.91,-1.8473,174664.98,4568972.965,,-0.3916809116809077,-0.07833618233618155,-0.6266894586894523,,,,,49.99999999999999,49.99999999999999,49.999999999999986
300750.SZ,2025-07-08,260.7,265.9,259.82,263.31,260.89,2.42,0.9276,155922.92,4104293.094,,-0.5010413876510711,-0.16287722339915947,-0.6763283285038233,,,,,49.99999999999999,49.99999999999999,49.999999999999986
300750.SZ,2025-07-09,262.2,274.46,262.1,270.8,263.31,7.49,2.8446,293883.71,7948423.739,,0.016480078613369642,-0.12700576299665364,0.28697168322004657,,,,,49.99999999999999,49.99999999999999,49.999999999999986
300750.SZ,2025-07-10,274.99,274.99,268.5,272.0,270.8,1.2,0.4431,242393.49,6594201.202,,0.5174843034232595,0.0018922502873289808,1.031184106271861,,,,,49.99999999999999,49.99999999999999,49.999999999999986
300750.SZ,2025-07-11,271.5,274.0,270.1,271.5,272.0,-0.5,-0.1838,213281.53,5798544.034,,0.8642256840757341,0.17435893704501002,1.379733494061448,,,,,49.99999999999999,49.99999999999999,49.999999999999986
300750.SZ,2025-07-14,271.0,271.32,266.1,268.5,271.5,-3.0,-1.105,149788.84,4013693.003,,0.886724193885243,0.31683198841305665,1.1397844109443729,,,,,49.99999999999999,49.99999999999999,49.999999999999986
300750.SZ,2025-07-15,268.5,272.5,266.0,267.75,268.5,-0.75,-0.2793,169526.49,4553827.628,,0.8344170526376047,0.4203490012579663,0.8281361027592767,,,,,49.99999999999999,49.99999999999999,49.999999999999986
300750.SZ,2025-07-16,268.5,268.7,263.04,264.4,267.75,-3.35,-1.2512,156264.79,4135841.242,,0.5166901806898636,0.4396172371443458,0.1541458870910356,,,,,44.75481067659833,48.25160355886611,37.76122491206277
300750.SZ,2025-07-17,265.37,267.75,264.36,265.5,264.4,1.1,0.416,145110.17,3852746.251,,0.3496199513211877,0.4216177799797142,-0.143995657317053,,,,,43.534036830126176,46.67908131595279,37.243947858472936
300750.SZ,2025-07-18,268.7,272.45,265.8,271.2,265.5,5.7,2.1469,221865.58,5981601.235,,0.6694410542224318,0.4711824348282578,0.3965172387883481,,,,,54.0281845182603,49.128782383388625,63.82698878800366
300750.SZ,2025-07-21,277.0,282.0,273.55,279.66,271.2,8.46,3.1195,324862.75,9047295.149,,1.587255980378984,0.6943971439384031,1.785717672881162,,,,,65.43252502222381,54.56336326300035,87.17084854067075
300750.SZ,2025-07-22,280.0,290.0,279.18,286.66,279.66,7.0,2.503,333090.29,9468912.161,,2.8466579198990303,1.1248492991305286,3.4436172415370034,,,,,72.82544200294646,60.65072284298238,97.17488032287461
300750.SZ,2025-07-23,288.16,290.75,286.59,287.02,286.66,0.36,0.1256,200189.74,5772653.126,,3.82964624379764,1.6658086880639509,4.327675111467379,,,,,77.39667984846974,66.23270851147817,99.7246225224529
300750.SZ,2025-07-24,289.0,289.2,282.91,285.2,287.02,-1.82,-0.6341,223891.14,6394082.072,70.18310445276732,4.410965913589507,2.214840133169062,4.39225156084089,,,,,78.25482975101878,70.2400822579917,94.28432473707292
300750.SZ,2025-07-25,285.2,285.2,281.75,282.8,285.2,-2.4,-0.8415,134326.01,3802835.26,66.60135484066952,4.624695388057887,2.6968111841468274,3.8557684078221195,,,,,75.93988529774403,72.1400166045758,83.53962268408048
300750.SZ,2025-07-28,283.02,289.09,281.3,286.3,282.8,3.5,1.2376,238973.36,6830867.029,69.0796262604192,5.018646453375709,3.161178237992604,3.71493643076621,,,,,78.60686206184259,74.29563175699806,87.22932267153163
300750.SZ,2025-07-29,286.7,292.0,286.68,291.82,286.3,5.52,1.928,233945.55,6785427.583,72.54037689784533,5.710446901093405,3.6710319706127645,4.078829860961282,,,,,85.52083134079423,78.03736495159677,100.48776411918914
300750.SZ,2025-07-30,292.2,292.2,276.36,277.09,291.82,-14.73,-5.0476,415943.01,11712764.593,54.88651940490007,5.012336745874052,3.939292925665022,2.1460876404180596,,,,,71.26893806557996,75.78122265625782,62.24436888422423
300750.SZ,2025-07-31,280.8,281.98,264.62,264.62,277.09,-12.47,-4.5003,447103.55,12088514.551,44.91991680222465,3.4135058636266535,3.8341355132573485,-0.8412592992613899,274.14099999999996,9.586529968768959,293.3140599375379,254.96794006246205,47.512625377053304,66.35835689652298,9.821162338113965
300750.SZ,2025-08-01,264.8,266.6,262.75,263.07,264.62,-1.55,-0.5857,252500.02,6682814.646,43.8539585867604,1.998313510143646,3.4669711126346083,-2.9373152049819247,274.0045,9.729909652309493,293.464319304619,254.54468069538103,32.03727939681311,54.917997729953015,-13.724157269466701
300750.SZ,2025-08-04,263.0,268.0,261.7,266.48,263.07,3.41,1.2962,237681.68,6286238.371,46.8425903757075,1.1387945607179972,3.0013358022512864,-3.7250824830665783,274.284,9.408331358289232,293.1006627165784,255.46733728342153,26.5822299803891,45.47274181343171,-11.198793685696117
300750.SZ,2025-08-05,267.5,269.0,263.5,265.7,266.48,-0.78,-0.2927,219760.4,5844478.67,46.23632676551439,0.3901823403905951,2.479105109879148,-4.177845538977106,274.4035,9.275854493196164,292.95520898639234,255.85179101360768,22.093071353046284,37.67951832663657,-9.079822594134285
300750.SZ,2025-08-06,265.22,266.9,263.23,265.0,265.7,-0.7,-0.2635,153233.11,4058482.396,45.66512002702002,-0.25662418368807494,1.9319592511657036,-4.3771668697075565,274.1135,9.482800649486144,293.07910129897226,255.1478987010277,18.335271612413383,31.23143608856217,-7.457057339884187
300750.SZ,2025-08-07,265.0,266.49,262.2,263.05,265.0,-1.95,-0.7358,165481.04,4363462.114,44.03315424295407,-0.9160124953315858,1.3623649018662458,-4.556754794395664,273.666,9.79386402966567,293.25372805933137,254.07827194066866,13.698924244341185,25.38726547382184,-9.677758214620127
300750.SZ,2025-08-08,264.0,266.16,262.01,263.48,263.05,0.43,0.1635,174282.16,4604736.203,44.504137618197774,-1.3878863862735784,0.812314644238281,-4.400402061023719,273.265,10.048101941739002,293.36120388347797,253.16879611652197,11.077971354150986,20.617500767264886,-8.001087472076819
300750.SZ,2025-08-11,263.48,266.15,262.5,263.66,263.48,0.18,0.0683,213308.76,5627553.11,44.71387682269377,-1.7274128092477667,0.30436915354107147,-4.063563925577676,273.023,10.225618550329475,293.47423710065897,252.57176289934108,9.527390738832937,16.920797424454236,-5.25942263240966
300750.SZ,2025-08-12,263.5,265.18,257.72,263.25,263.66,-0.41,-0.1555,222407.39,5829140.856,44.30315319769203,-2.0064444761450204,-0.15779357239614694,-3.697301807497747,272.798,10.395841071262467,293.5896821425249,252.00631785747507,13.94983510096416,15.930476649957544,9.988552002977393
300750.SZ,2025-08-13,264.77,275.0,264.51,273.6,263.25,10.35,3.9316,394667.69,10661084.797,55.43244119382576,-1.376552540225191,-0.4015453659619558,-1.9500143485264705,273.258,10.206503396312934,293.67100679262586,252.8449932073741,39.93260611669219,23.931186472202427,71.93544540567171
300750.SZ,2025-08-14,276.89,282.0,274.48,279.89,273.6,6.29,2.299,371707.57,10378442.059,60.58678741278511,-0.3655938720233394,-0.3943550671742325,0.0575223903017863,273.9775,10.137799966358319,294.2530999327167,253.7019000672834,57.058310722495484,34.97356122230011,101.22780972288622
300750.SZ,2025-08-15,278.38,282.3,276.1,280.67,279.89,0.78,0.2787,241091.69,6735591.187,61.186259381834056,0.49285629676182907,-0.2169127943870202,1.4195381822976985,274.451,10.222049902564859,294.89509980512975,254.0069001948703,69.16173793216542,46.36962012558855,114.74597354531919
300750.SZ,2025-08-18,280.67,285.48,278.02,283.0,280.67,2.33,0.8302,285287.93,8056186.542,62.99681612498635,1.3456835652201562,0.09560647753441508,2.5001541753714824,274.618,10.338252219179427,295.29450443835884,253.94149556164115,76.46325276169335,56.40083100429015,116.58809627649977
300750.SZ,2025-08-19,283.0,284.0,276.22,277.8,283.0,-5.2,-1.8375,244285.85,6816442.573,56.646020300062716,1.583702837485589,0.3932257495246499,2.3809541759218784,274.175,9.97866170754797,294.1323234150959,254.21767658490407,75.08693315717116,62.62953172191715,100.00173602767919
300750.SZ,2025-08-20,277.5,279.99,272.05,279.2,276.8,2.4,0.8671,233534.92,6414344.337,57.877240521272974,1.863818189403105,0.6873442375003409,2.352947903805528,273.784,9.59467802043349,292.973356040867,254.594643959133,75.850462642725,67.03650869551976,93.4783705371355
300750.SZ,2025-08-21,279.27,281.8,278.0,279.0,279.2,-0.2,-0.0716,182698.14,5103914.721,57.625468259996865,2.0460872749293344,0.9590928449861397,2.1739888598863892,273.47400000000005,9.302118264703282,292.0782365294066,254.86976347059348,76.11932860139396,70.06411533081115,88.22975514255958
300750.SZ,2025-08-22,278.93,289.35,278.6,287.18,279.0,8.18,2.9319,264218.51,7543698.628,64.4391282000066,2.818109068148658,1.3308960896186435,2.974425957060029,273.69300000000004,9.580626339265697,292.85425267853145,254.53174732146866,81.79269393322984,73.97364153161737,97.43079873645479
300750.SZ,2025-08-25,290.0,293.88,286.78,290.28,287.18,3.1,1.0795,312297.2,9046692.965,66.62909059872507,3.6381476916891984,1.7923464100327546,3.6916025633128875,273.892,9.892527004073113,293.67705400814623,254.10694599185376,83.77599411687571,77.24109239337014,96.84579756388683
300750.SZ,2025-08-26,287.02,290.99,285.58,289.5,290.28,-0.78,-0.2687,230244.62,6648848.315,65.53549083587663,4.176945499970941,2.269266228020392,3.815358543901098,273.776,9.682613501040217,293.1412270020804,254.41077299791957,82.49595210173757,78.99271229615928,89.50243171289415
300750.SZ,2025-08-27,289.0,289.54,278.19,278.3,289.5,-11.2,-3.8687,382584.29,10859010.3,52.269225239802765,3.6580327229839895,2.5470195270131115,2.222026391941756,273.8365,9.708156784781275,293.25281356956253,254.42018643043744,64.54074314798996,74.1753892467695,45.271450950430875
300750.SZ,2025-08-28,276.06,278.99,272.72,277.41,278.3,-0.89,-0.3198,304664.01,8407974.991,51.379172172385005,3.1387929948833175,2.665374220587153,0.9468375485923293,274.476,9.487844522556765,293.45168904511354,255.50031095488646,51.21161774074276,66.52079874476058,20.59325573270712
300750.SZ,2025-08-29,278.31,316.66,277.95,306.18,277.41,28.77,10.3709,780138.92,23482893.637,69.47451851699066,4.9912542564011915,3.1305502277499606,3.7214080573024617,276.6315,11.453539684996471,299.53857936999293,253.72442063000707,59.64358166949911,64.22839305300676,50.473958902483844
300750.SZ,2025-09-01,306.5,306.9,299.3,304.0,306.18,-2.18,-0.712,429964.21,13012795.663,67.42676267005331,6.211829270338001,3.746806036267569,4.930046468140864,278.50750000000005,12.707399781643984,303.922299563288,253.09270043671208,63.635958727883946,64.03091494463249,62.846046294386866
300750.SZ,2025-09-02,304.03,311.1,299.03,302.87,304.0,-1.13,-0.3717,371168.89,11289093.083,66.33531218158274,7.007187708375795,4.398882370689215,5.216610675373161,280.36600000000004,13.433072070943295,307.23214414188664,253.49985585811345,65.29607080114124,64.45263356346874,66.98294527648625
300750.SZ,2025-09-03,303.5,311.65,303.03,309.0,302.87,6.13,2.024,508974.73,15640548.986,69.24382369400463,8.039480641785758,5.127002024908524,5.824957233754468,282.56600000000003,14.35543740740397,311.27687481480797,253.8551251851921,71.05309286909642,66.65278666534462,79.85370527660001
300750.SZ,2025-09-04,313.47,323.33,300.63,304.03,309.0,-4.97,-1.6084,657547.54,20442631.453,64.38676451241014,8.360171907086624,5.773636001344144,5.173071811484959,284.615,14.347847995614579,313.3106959912292,255.91930400877084,67.99047658703772,67.09868330590899,69.77406314929516
300750.SZ,2025-09-05,299.9,325.11,299.82,325.11,304.03,21.08,6.9335,708197.79,22440211.716,73.02843046164077,10.19774857469173,6.658458516013662,7.078580117356136,287.69649999999996,16.083005177090307,319.8625103541806,255.53048964581933,78.66031772469181,70.95256144550325,94.07583028306891
300750.SZ,2025-09-08,334.0,337.65,323.5,325.37,325.11,0.26,0.08,588345.78,19349632.049,73.11508317470977,11.541972475810269,7.635161307972983,7.813622335674571,290.782,17.11529190058127,325.0125838011625,256.55141619883744,79.46932008690631,73.7914809926376,90.82499827544373
300750.SZ,2025-09-09,322.8,334.58,317.16,320.0,325.37,-5.37,-1.6504,434023.97,14085497.658,68.23875777630337,12.03523083166317,8.515175212711021,7.0401112379042985,293.61949999999996,17.014519333730593,327.64853866746114,259.5904613325388,77.25183996347684,74.94493398291735,81.86565192459582
300750.SZ,2025-09-10,317.99,322.0,313.0,316.04,320.0,-3.96,-1.2375,367526.83,11649703.595,64.80627517728978,11.968635744862297,9.205867319141277,5.525536851442041,295.74150000000003,17.032823196775954,329.80714639355193,261.67585360644813,72.7686749951934,74.2195143203427,69.86699634489477
300750.SZ,2025-09-11,315.55,322.98,309.04,322.55,316.04,6.51,2.0599,380344.6,12060756.827,67.68409768326632,12.299381637028432,9.824570182718707,4.94962290861945,297.8745,17.604808097729777,333.08411619545956,262.66488380454047,68.81281250326896,72.41728038131811,61.60387674717066
300750.SZ,2025-09-12,325.9,329.9,322.2,325.0,322.55,2.45,0.7596,338713.16,11031032.653,68.72073095877384,12.613790736166834,10.382414293408333,4.462752885517002,300.091,18.10814963373927,336.3072992674785,263.8747007325215,68.2901919364103,71.0415842330155,62.7874073431999
300750.SZ,2025-09-15,346.01,371.52,344.02,354.7,325.0,29.7,9.1385,718410.23,25586615.241,77.95337395371543,15.08560651770074,11.323052738266815,7.525107558867848,303.67600000000004,21.35316158028315,346.38232316056633,260.96967683943376,71.04050917564498,71.04122588055866,71.03907576581764
300750.SZ,2025-09-16,356.11,359.0,348.5,353.42,354.7,-1.28,-0.3609,377444.65,13325722.242,76.8998769716112,16.74819031784608,12.40808025418267,8.680220127326823,307.457,23.149595449460445,353.75619089892086,261.1578091010791,72.27898194229425,71.45381123447052,73.92932335794171
300750.SZ,2025-09-17,356.8,381.88,354.0,377.1,353.42,23.68,6.7002,543771.0,20113064.234,81.80017063342973,19.74892474453719,13.876249152253575,11.745351184567234,312.352,26.905918464550645,366.16383692910125,258.5401630708987,79.57765259716197,74.16175835536767,90.40944108075058
300750.SZ,2025-09-18,374.59,380.0,360.8,366.89,377.1,-10.21,-2.7075,518896.9,19308545.614,74.4653303428766,21.060395594571105,15.313078440717081,11.494634307708047,316.7465,28.31258363993676,373.3716672798736,260.1213327201265,79.5253177299769,75.94961148023741,86.6767302294559
300750.SZ,2025-09-19,365.0,375.71,361.72,368.49,366.89,1.6,0.4361,339148.86,12515443.887,74.84597769919691,21.975532065742186,16.645569165722105,10.659925800040163,320.812,29.649790555752553,380.11158111150513,261.5124188884949,80.2226262442936,77.3739497349228,85.91997926303517
300750.SZ,2025-09-22,370.5,372.72,362.78,370.05,368.49,1.56,0.4233,285277.63,10474484.764,75.23363163823764,22.566530360070033,17.82976140459169,9.473537910956686,324.8005,30.67409887579581,386.1486977515916,263.4523022484084,81.40139205230044,78.71643050738201,86.7713151421373
300750.SZ,2025-09-23,368.0,376.96,360.0,368.15,370.05,-1.9,-0.5134,348493.15,12813882.35,73.74299693040012,22.6208278230327,18.787974688279892,7.665706269505613,328.733,30.950613649217843,390.6342272984357,266.8317727015643,81.31775029369909,79.58353710282104,84.78617667545521
300750.SZ,2025-09-24,371.0,380.0,366.06,379.93,368.15,11.78,3.1998,383145.48,14311189.086,76.81076172167646,23.345296458424684,19.699439042308853,7.291714832231662,333.8145,30.57525805287653,394.9650161057531,272.66398389424694,86.45602477131325,81.87436632565178,95.6193416626362
300750.SZ,2025-09-25,376.6,402.59,376.47,392.85,379.93,12.92,3.4006,466393.38,18251421.708,79.62281189321529,24.677512096313876,20.69505365310986,7.964916886408034,339.5865,30.26156556199875,400.1096311239975,279.0633688760025,85.42745854938045,83.058730400228,90.16491484768534
300750.SZ,2025-09-26,392.02,399.99,380.0,380.4,392.85,-12.45,-3.1691,362633.26,14106499.742,70.72285528914017,24.44688318473061,21.44541955943401,6.002927250593196,343.2975,30.49918184838805,404.2958636967761,282.2991363032239,76.61023273477522,80.90923117841041,68.01223584750485
300750.SZ,2025-09-29,386.34,399.89,386.01,397.37,380.4,16.97,4.4611,389647.45,15381134.07,74.84947630131049,25.341326251897726,22.224600897926756,6.233450707941941,347.966,31.302804380841877,410.57160876168376,285.36039123831625,80.8258380816729,80.8814334794979,80.71464728602291
300750.SZ,2025-09-30,396.0,408.88,396.0,402.0,397.37,4.63,1.1652,330313.1,13278445.667,75.84964490774043,26.122655421309048,23.004211802603216,6.236887237411665,352.9225,31.63287079089842,416.18824158179683,289.6567584182032,82.52546324921127,81.42944340273569,84.71750294216244
300750.SZ,2025-10-09,399.98,424.36,399.74,409.89,402.0,7.89,1.9627,412088.23,16989122.538,77.49227044305607,27.066515534992448,23.816672549081062,6.499685971822771,357.967,32.29738641862023,422.5617728372404,293.37222716275954,80.85600595317212,81.23829758621449,80.09142268708737
300750.SZ,2025-10-10,401.0,403.8,379.01,381.95,409.89,-27.94,-6.8165,533117.98,20684330.795,61.531710631183266,25.268724848733143,24.10708300901148,2.3232836794433283,361.863,30.071590212270568,422.0061804245411,301.71981957545887,65.27234869635546,75.91631462292814,43.98441684321011
300750.SZ,2025-10-13,362.86,384.6,362.86,374.5,381.95,-7.45,-1.9505,471509.98,17618650.277,58.09574647036263,22.977934711649766,23.881253349539136,-1.8066372757787406,364.33250000000004,28.89969256347113,422.1318851269423,306.5331148730578,51.024739611533434,67.61912295246324,17.8359729296738
300750.SZ,2025-10-14,381.0,385.8,355.77,358.0,374.5,-16.5,-4.4059,496399.39,18319370.881,51.2675701739626,19.605059992149677,23.026014678061244,-6.841909371823135,365.96400000000006,27.47002258922665,420.9040451784534,311.02395482154674,35.100227340769585,56.77949108189868,-8.258300141488604
300750.SZ,2025-10-15,358.5,369.71,354.76,369.3,358.0,11.3,3.1564,369933.55,13383852.917,55.154926178625466,17.640499343058195,21.948911611060637,-8.616824536004884,368.42900000000003,25.250696478148285,418.9303929562966,317.92760704370346,30.363753093080113,47.974245085625824,-4.857230892011302
300750.SZ,2025-10-16,367.5,373.9,364.5,368.5,369.3,-0.8,-0.2166,276294.67,10185159.269,54.82151244190232,15.836464653963048,20.726422219641123,-9.779915131356148,371.052,22.043200312114205,415.13840062422844,326.9655993757716,26.822961832168353,40.92381733447333,-1.3787491724415872
300750.SZ,2025-10-17,367.5,375.0,356.99,358.14,368.5,-10.36,-2.8114,319057.61,11588825.855,50.55912265879346,13.416135884398898,19.26436495259268,-11.696458136387562,372.8315,19.17110525188727,411.17371050377454,334.48928949622547,19.50074850113905,33.78279439002856,-9.063343276639976
300750.SZ,2025-10-20,365.0,368.89,359.53,366.5,358.14,8.36,2.3343,284324.2,10372513.059,53.68825883802153,12.033871054861152,17.818266173046375,-11.568790236370447,374.9065,15.64275055736658,406.19200111473316,343.62099888526683,18.62310436474404,28.729564381600387,-1.5898156689686473
300750.SZ,2025-10-21,373.0,381.35,363.1,375.9,366.5,9.4,2.5648,446328.7,16784956.526,56.98485639029702,11.563619452746309,16.567336828986363,-10.007434752480108,375.9665,14.902189268694466,405.7708785373889,346.1621214626111,22.539923982626284,26.666350915275686,14.287070117327488
300750.SZ,2025-10-22,375.9,378.88,368.2,372.86,375.9,-3.04,-0.8087,219458.79,8178934.535,55.606285446263534,10.820902448778895,15.41804995294487,-9.194295008331949,376.9385,13.958283062491034,404.85506612498205,349.0219338750179,27.32949798950508,26.887399940018813,28.213694088477602
300750.SZ,2025-10-23,373.8,378.8,369.0,376.45,372.86,3.59,0.9628,239980.98,8982628.027,56.93134832250709,10.40206830095508,14.414853622546913,-8.025570643183666,376.906,13.958643954647746,404.8232879092955,348.9887120907045,41.51219109953258,31.762330326523397,61.01191264555095
300750.SZ,2025-10-24,379.97,387.8,378.0,385.77,376.45,9.32,2.4758,320415.78,12276721.104,60.24856584207723,10.698855583418435,13.671654014721218,-5.945596862605566,377.85,13.883838768415632,405.6176775368313,350.08232246316874,58.9601048008183,40.82825515128836,95.22380409987818
300750.SZ,2025-10-27,393.0,393.0,376.57,386.18,385.77,0.41,0.1063,404510.18,15542852.577,60.39308861279789,10.842163504625717,13.105755912702119,-4.527184816152804,378.73449999999997,13.819496325271878,406.3734926505437,351.0955073494562,66.69516052272127,49.450556941765996,101.18436768463181
300750.SZ,2025-10-28,386.16,393.8,383.02,386.48,386.18,0.3,0.0777,287082.95,11160796.766,60.50623328670895,10.854815995547312,12.655567929271157,-3.60150386744769,379.556,13.764305629913796,407.08461125982757,352.0273887401724,71.16814015831514,56.68975134728237,100.12491778038068
300750.SZ,2025-10-29,386.0,400.04,384.7,400.0,386.48,13.52,3.4982,344740.46,13644645.226,65.31510938826428,11.81954582751672,12.488363508920271,-1.3376353628071023,381.1485,14.210458074397273,409.5694161487946,352.72758385120545,80.7477883672546,64.70909702060644,112.82517106055093
300750.SZ,2025-10-30,405.98,409.08,396.83,398.29,400.0,-1.71,-0.4275,343060.88,13797530.229,64.24952209005829,12.304282353105066,12.45154727775723,-0.2945298493043289,382.0665,14.711787352502592,411.4900747050052,352.6429252949948,79.906530959939,69.77490833371729,100.16977621238243
300750.SZ,2025-10-31,398.0,406.8,388.2,388.77,398.29,-9.52,-2.3902,340483.5,13515773.431,58.52496296278305,11.784411740923758,12.318120170390536,-1.067416858933555,381.86249999999995,14.582104705136738,411.02670941027344,352.69829058972647,71.88056101983463,70.47679256242307,74.68809793465775
300750.SZ,2025-11-03,387.0,391.91,375.77,386.86,388.77,-1.91,-0.4913,263681.77,10106566.781,57.41957877380668,11.090445742879524,12.072585284888333,-1.964279084017619,382.1855,14.619502646518825,411.42450529303767,352.9464947069623,63.13563820109003,68.02974110864538,53.34743238597932
300750.SZ,2025-11-04,383.06,386.5,374.0,378.95,386.86,-7.91,-2.0447,239390.74,9091842.153,52.958540890157906,9.789356191786396,11.615939466267946,-3.6531665489630996,381.2645,14.186357225016634,409.63721445003324,352.89178554996676,50.365541901192415,62.141674706161055,26.813276291255136
300750.SZ,2025-11-05,372.85,393.0,372.0,388.7,378.95,9.75,2.5729,311425.32,11937586.811,57.35641169058927,9.436202199428124,11.179992012899982,-3.4875796269437167,380.5995,13.456133594602193,407.51176718920436,353.6872328107956,48.589613335063184,57.624320915795096,30.52019817359937
300750.SZ,2025-11-06,390.0,399.49,388.7,394.68,388.7,5.98,1.5385,234474.77,9261688.312,59.83653948344679,9.529016567814892,10.849796923882964,-2.641560712136144,379.839,12.07224520172278,403.98349040344556,355.69450959655444,52.781425071271904,56.010022300954034,46.32423061190764
300750.SZ,2025-11-07,393.5,397.51,388.88,395.37,394.68,0.69,0.1748,165548.92,6516185.371,60.124714754384016,9.548184331447658,10.589474405395903,-2.08258014789649,380.51,12.558900806745648,405.6278016134913,355.3921983865087,56.1962467033938,56.072097101767284,56.44454590664682
300750.SZ,2025-11-10,398.4,400.31,383.32,384.51,395.37,-10.86,-2.7468,238959.91,9267204.047,53.6054321908782,8.588065806300165,10.189192685576755,-3.20225375855318,381.0105,12.506132590389937,406.02276518077986,355.9982348192201,48.71011916148583,53.6181044550068,38.894148574443875
300750.SZ,2025-11-11,386.0,394.77,384.5,385.6,384.51,1.09,0.2835,193031.75,7500041.113,54.142878301118714,7.8249180637338895,9.716337761208182,-3.782839394948585,382.3905,11.297778298129078,404.98605659625815,359.7949434037418,44.699230825384674,50.64514657846609,32.80739931922183
300750.SZ,2025-11-12,390.78,392.99,383.98,386.38,385.6,0.78,0.2023,212998.25,8261238.197,54.54863667676252,7.2000596550140585,9.213082139969359,-4.0260449699106005,383.24449999999996,10.894529518113426,405.0335590362268,361.4554409637731,43.573433577076365,48.287908911336174,34.14448290855674
300750.SZ,2025-11-13,385.05,421.3,385.05,415.6,386.38,29.22,7.5625,562654.49,22945441.956,66.50524086565322,8.959386432740473,9.162342998523583,-0.4059131315662192,385.5995,12.510379469611475,410.62025893922294,360.578741060777,58.5283336761307,51.70138383293434,72.18223336252342
300750.SZ,2025-11-14,407.0,414.6,403.88,404.12,415.6,-11.48,-2.7623,241721.2,9879119.548,59.84437575152525,9.319891612637377,9.193852721346342,0.25207778258207014,387.8985,11.371615297470987,410.641730594942,365.15526940505805,60.736265723235206,54.71301112970129,72.78277491030305
300750.SZ,2025-11-17,388.0,392.4,382.5,390.78,404.12,-13.34,-3.301,476855.03,18542294.255,53.179151076203844,8.431969555717444,9.041476088220563,-1.2190130650062372,389.1125,10.202915927373143,409.5183318547463,368.70666814525373,53.1886125781676,54.204878279190055,51.15608117612268
300750.SZ,2025-11-18,389.0,398.63,381.0,385.0,390.78,-5.78,-1.4791,395658.14,15353867.657,50.55199172533356,7.179130684276288,8.669007007431707,-2.979752646310839,389.5675,9.776697254723508,409.120894509447,370.014105490553,38.76759448966342,49.05911701601451,18.184549436961248
300750.SZ,2025-11-19,385.5,398.44,384.96,391.1,385.0,6.1,1.5844,292666.86,11462348.543,53.18078149426832,6.602357999423191,8.255677205830004,-3.3066384128136264,390.47950000000003,8.952110880151018,408.3837217603021,372.575278239698,34.19907457292699,44.10576953498533,14.385684648810312
300750.SZ,2025-11-20,394.9,395.0,377.01,379.39,391.1,-11.71,-2.9941,336742.85,12895238.923,47.91470006905692,5.141098967137452,7.632761558091494,-4.983325181908084,390.6265,8.731019880740545,408.0885397614811,373.1644602385189,24.590607553773403,37.60071554124802,-1.4296084211758284
300750.SZ,2025-11-21,375.0,383.0,370.0,370.0,379.39,-9.39,-2.475,316313.35,11850710.342,44.140191237024666,3.188590050478979,6.743927256568991,-7.110674412180025,389.838,9.834995839240944,409.5079916784819,370.16800832151813,16.393738369182266,30.531723150559433,-11.882231193572068
300750.SZ,2025-11-24,373.8,374.9,367.18,370.55,370.0,0.55,0.1486,228458.19,8464724.008,44.41638903367072,1.6663840325787191,5.7284186117709375,-8.124069158384437,389.0565,10.721956947752851,410.50041389550574,367.6125861044943,13.004793305495742,24.689413202204868,-10.364446487922507
300750.SZ,2025-11-25,375.0,379.66,370.59,372.36,370.55,1.81,0.4885,206332.46,7733117.132,45.37363519743146,0.5991698130548002,4.70256885202771,-8.20679807794582,388.3505,11.347183501690834,411.0448670033817,365.65613299661834,11.860303198982875,20.41304320113087,-5.245176805313115
300750.SZ,2025-11-26,375.5,375.5,370.07,372.82,372.36,0.46,0.1235,189106.6,7048903.988,45.62990704101086,-0.2070996730457182,3.7206351470130246,-7.8554696401174855,386.9915,11.505058052416157,410.0016161048323,363.98138389516765,11.871440709908157,17.565842370723296,0.4826373882778796
300750.SZ,2025-11-27,373.0,378.88,370.0,371.2,372.82,-1.62,-0.4345,222002.59,8289124.681,44.832223308235974,-0.9656629493576361,2.7833755277388925,-7.498076954193057,385.637,11.697914389010712,409.03282877802144,362.24117122197856,12.175025126160268,15.768903289202285,4.987268800076237
300750.SZ,2025-11-28,370.5,375.48,366.16,373.2,371.2,2.0,0.5388,203402.63,7542337.298,46.08532920528056,-1.389430041062269,1.9488144139786603,-6.676488910081859,384.8585,11.992815513771601,408.8441310275432,360.8728689724568,15.343867484784361,15.627224687729644,14.777153078893797
300750.SZ,2025-12-01,374.76,382.97,374.03,382.97,373.2,9.77,2.6179,267510.13,10120862.871,51.84020758110113,-0.9262341152917202,1.3738047081245843,-4.6000776468326094,384.664,11.990190464225892,408.64438092845177,360.6836190715482,27.58777452310698,19.61407463285542,43.53517430361009
300750.SZ,2025-12-02,383.5,384.98,377.4,380.08,382.97,-2.89,-0.7546,163484.61,6220569.502,50.13545212111913,-0.7833172604538845,0.9423803144088906,-3.45139514972555,384.7205,11.96448273454626,408.64946546909255,360.7915345309075,34.48061528539999,24.56958818370361,54.30266948879276
300750.SZ,2025-12-03,380.09,383.37,375.0,376.08,380.08,-4.0,-1.0524,139911.35,5294871.743,47.79281612817503,-0.9815069922994439,0.5576028530672237,-3.0782196907333352,384.0895,12.075827736694006,408.241155473388,359.93784452661197,40.557037891293874,29.898738086233696,61.87363750141423
300750.SZ,2025-12-04,379.19,383.6,375.15,383.35,376.08,7.27,1.9331,191658.09,7299943.081,52.16745739832667,-0.5456555629214677,0.3369511698694854,-1.765213465581906,383.523,11.815815494051444,407.1546309881029,359.89136901189715,57.484358948429005,39.09394504029879,94.26518676468942
300750.SZ,2025-12-05,387.2,389.31,382.0,389.09,383.35,5.74,1.4973,232915.59,9004580.816,55.348779739511386,0.25993351209461935,0.3215476383145122,-0.12322825243978575,383.209,11.56520320889998,406.3394064178,360.0785935822,71.33946464092526,49.84245157384095,114.33349077509388
300750.SZ,2025-12-08,390.43,395.38,385.5,392.5,389.09,3.41,0.8764,216597.58,8476698.7,57.171194967372784,1.1601536305590798,0.48926883676342575,1.3417695875913083,383.6085,11.749048460910977,407.10659692182196,360.110403078178,77.60755548272499,59.09748621013563,114.62769402790371
300750.SZ,2025-12-09,391.5,392.26,386.0,387.59,392.5,-4.91,-1.251,186917.73,7255076.087,53.76827375792695,1.4605522574978522,0.683525520910311,1.5540534731750824,383.70799999999997,11.775199003793517,407.258398007587,360.15760199241294,76.18509630858368,64.79335624295165,98.96857643984774
300750.SZ,2025-12-10,385.05,388.0,377.26,382.38,387.59,-5.21,-1.3442,194334.05,7399361.241,50.34403853982283,1.2636503013102356,0.799550476990296,0.9281996486398791,383.508,11.761388478719718,407.0307769574394,359.98522304256056,69.29337244209022,66.29336164266451,75.29339404094162
300750.SZ,2025-12-11,384.9,398.86,383.38,388.99,382.38,6.61,1.7286,282153.78,11089031.995,54.31890397785998,1.6222752609774034,0.9640954337877176,1.3163596543793716,382.1775,9.15660870053588,400.4907174010718,363.86428259892824,66.27881427673783,66.28851252068895,66.2594177888356
300750.SZ,2025-12-12,392.0,393.39,385.5,391.8,388.99,2.81,0.7224,240020.22,9355490.916,55.933805796267634,2.108921309024595,1.193060608835093,1.8317214003790037,381.56149999999997,7.935782570105649,397.4330651402113,365.68993485978865,67.65611926915241,66.74438143684344,69.47959493377036
300750.SZ,2025-12-15,391.5,394.97,385.21,385.5,391.8,-6.3,-1.608,182749.93,7099251.459,51.535037208125885,1.9635993089586918,1.347168348859813,1.2328619201977578,381.2975,7.6972085678403435,396.6919171356807,365.90308286431934,59.772981440681086,64.42058143812265,50.477781445797945
300750.SZ,2025-12-16,386.0,389.08,378.03,378.41,385.5,-7.09,-1.8392,191216.76,7292054.835,47.05055915455443,1.261781795414663,1.3300910381707831,-0.1366184855122401,380.968,7.671379207636732,396.3107584152735,365.62524158472655,44.43181189255028,57.75765825626519,17.780119165120453
300750.SZ,2025-12-17,376.45,384.5,375.06,383.42,378.41,5.01,1.324,222574.08,8453303.234,50.3390774776699,1.0972036090720394,1.2835135523510344,-0.37261988655798994,380.584,7.321765964717668,395.2275319294353,365.9404680705647,41.329891401756214,52.28173597142886,19.426202262410925
300750.SZ,2025-12-18,379.57,380.95,370.01,372.0,383.42,-11.42,-2.9785,296392.83,11079385.459,43.679727101366204,0.04475968975435762,1.035762779831699,-1.9820061801546829,380.21450000000004,7.567540429881267,395.34958085976257,365.0794191402375,29.852509923527837,44.80532728879518,-0.05312480700685285
300750.SZ,2025-12-19,374.08,377.68,370.8,374.0,372.0,2.0,0.5376,175599.45,6572807.89,45.05072612704622,-0.6207705568877486,0.7044561124878096,-2.6504533387511167,380.41450000000003,7.3325865867798905,395.0796731735598,365.74932682644027,24.511725275419487,38.040793284336615,-2.546410742414764
300750.SZ,2025-12-22,376.0,377.99,368.1,371.84,374.0,-2.16,-0.5775,254935.38,9489773.616,43.81033845056182,-1.3074307722696403,0.30207873553631964,-3.21901901561192,380.479,7.246415375167677,394.97183075033536,365.9861692496646,20.39403271503903,32.15853976123742,-3.1349813773577466
300750.SZ,2025-12-23,372.0,380.5,371.6,378.1,371.84,6.26,1.6835,236040.86,8879315.764,48.256796751266904,-1.3311397071440751,-0.024564952999759335,-2.6131495082886316,380.76599999999996,7.018000464969249,394.80200092993846,366.72999907006147,24.432606118651943,29.58322854704226,14.131361261871305
300750.SZ,2025-12-24,378.08,378.08,372.0,375.6,378.1,-2.5,-0.6612,210883.87,7902857.946,46.66849872297449,-1.5339755996281497,-0.32644708232543745,-2.4150570346054243,380.90500000000003,6.878480936950597,394.66196187390125,367.1480381260988,25.59246064776523,28.252972580616582,20.27143678206253
300750.SZ,2025-12-25,374.21,374.21,369.12,373.01,375.6,-2.59,-0.6896,203431.44,7559336.244,45.015472444665825,-1.882021092604191,-0.6375618843811882,-2.4889184164460056,380.9955,6.7548684002914445,394.5052368005829,367.4857631994171,23.15269613212877,26.552880431120645,16.352327534145026
300750.SZ,2025-12-26,372.96,378.0,370.1,374.43,373.01,1.42,0.3807,257236.89,9616116.053,46.14184145038939,-2.019982420803615,-0.9140459916656736,-2.2118728582758824,381.057,6.6854005115619435,394.4278010231239,367.68619897687614,25.492328085543736,26.19936298259501,24.078258291441195
300750.SZ,2025-12-29,374.0,374.43,368.0,369.31,374.43,-5.12,-1.3674,241240.72,8924502.783,42.7419806441441,-2.5134850862498297,-1.2339338105825048,-2.5591025513346497,380.374,7.16056334155448,394.695126683109,366.05287331689107,19.64135003682714,24.013358667339052,10.89733277580332
300750.SZ,2025-12-30,367.1,371.0,366.56,369.2,369.31,-0.11,-0.0298,190308.21,7014015.794,42.66923809601166,-2.8802636977960105,-1.563199788025206,-2.634127819541609,379.83000000000004,7.58479365156594,394.99958730313193,364.66041269686815,19.209591245306555,22.412102859994885,12.804568015929895
300750.SZ,2025-12-31,369.79,372.0,367.15,367.26,369.2,-1.94,-0.5255,160265.97,5920431.545,41.33317680766103,-3.289560174673568,-1.9084718653548784,-2.762176618637379,379.389,8.056071851976215,395.50114370395244,363.2768562960476,14.48023443135212,19.76814671711396,3.9044098598284407
300750.SZ,2026-01-05,370.0,378.0,368.19,377.5,367.26,10.24,2.7882,336881.35,12583419.574,50.19749939017192,-2.7558800904645295,-2.0779535103768088,-1.3558531601754416,379.0965,8.0107600500165,395.118020100033,363.074979899967,35.813221806458564,25.116505080228826,57.20665525891805
300750.SZ,2026-01-06,380.0,380.5,369.04,373.99,377.5,-3.51,-0.9298,341477.1,12764795.667,47.54561091715002,-2.586348627446455,-2.179632533790738,-0.8134321873114336,378.3415,7.725824960208629,393.79314992041725,362.88985007958274,41.64210004696474,30.625036735807463,63.6762266692793
300750.SZ,2026-01-07,372.95,375.48,368.49,371.01,373.99,-2.98,-0.7968,262285.35,9730943.679,45.354870432488596,-2.6617715709229515,-2.276060341217181,-0.7714224594115411,377.267,7.123998803155562,391.5149976063111,363.0190023936889,38.40224173384447,33.21743840181979,48.77184839789382
300750.SZ,2026-01-08,368.0,373.33,367.0,369.21,371.01,-1.8,-0.4852,269590.35,9962397.48,44.03503503264073,-2.8341197850891717,-2.3876722299915794,-0.8928951101951847,376.34799999999996,6.904367496469859,390.1567349929397,362.53926500706024,31.938175503098552,32.79101743557938,30.232491638136906
300750.SZ,2026-01-09,369.17,377.63,367.01,369.23,369.21,0.02,0.0054,314771.87,11681035.309,44.05451566515824,-2.935257334249684,-2.4971892508432005,-0.8761361668129668,375.69050000000004,6.925810972844458,389.54212194568896,361.8388780543111,27.676622023586543,31.086218964915098,20.85742814092943
300750.SZ,2026-01-12,368.0,368.0,351.66,361.68,369.23,-7.55,-2.0448,488307.39,17505537.199,38.59317832529557,-3.583325131064953,-2.714416426887551,-1.737817408354804,374.325,6.857557874345198,388.04011574869037,360.6098842513096,30.03221865835033,30.73488552939351,28.626884916263975
300750.SZ,2026-01-13,366.25,367.77,357.0,359.0,361.68,-2.68,-0.741,296709.2,10745692.37,36.8470205790999,-4.264024115680115,-3.024337964646064,-2.4793723020681027,372.68500000000006,6.362653782651446,385.41030756530296,359.95969243469716,28.505066715368066,29.991612591385024,25.531974963334157
300750.SZ,2026-01-14,360.03,361.22,351.71,353.98,359.0,-5.02,-1.3983,380833.65,13553362.724,33.76527470927215,-5.149198259003356,-3.4493100235175227,-3.3997764709716662,371.10900000000004,6.902178069657243,384.91335613931454,357.30464386068553,21.684838744133486,27.222687975634507,10.609140281131445
300750.SZ,2026-01-15,352.75,358.28,351.8,353.75,353.98,-0.23,-0.065,323709.12,11474019.06,33.62650808653031,-5.802378020763683,-3.919923622966755,-3.7649087955938567,369.876,7.687261095987906,385.2505221919758,354.50147780802416,16.87218560750829,23.772520519592433,3.071515783340004
300750.SZ,2026-01-16,357.99,361.72,351.51,352.32,353.75,-1.43,-0.4042,319818.42,11350569.563,32.725973917348284,-6.362078654384845,-4.408354629250374,-3.9074480502689433,368.321,7.944539269870909,384.21007853974186,352.4319214602582,12.17947937821468,19.908173472466515,-3.2779088102889915
300750.SZ,2026-01-19,351.47,355.34,345.33,348.9,352.32,-3.42,-0.9707,338642.84,11842421.264,30.614342505016552,-7.0009087387959426,-4.926865451159488,-4.1480865752729095,367.166,8.991686452671315,385.1493729053426,349.1826270946574,11.803863445125566,17.206736796686197,0.9981167420043064
300750.SZ,2026-01-20,350.0,356.91,347.9,349.6,348.9,0.7,0.2006,354405.89,12466608.9,31.587355255388303,-7.365793748077579,-5.414651110543106,-3.9022852750689445,365.946,9.647063583778685,385.2401271675574,346.6518728324427,12.275847043912439,15.563106879094942,5.701327373547436
300750.SZ,2026-01-21,351.94,357.69,349.0,349.81,349.6,0.21,0.0601,393935.73,13919426.405,31.895906977717573,-7.550979510357195,-5.841916790505924,-3.418125439702541,364.84450000000004,10.18155219011303,385.2076043802261,344.481395619774,12.807221042690868,14.644478266960249,9.132706594152104
300750.SZ,2026-01-22,351.03,353.73,339.5,345.8,349.81,-4.01,-1.1463,459948.18,15851213.229,29.188730528046236,-7.929903061882783,-6.259514044781296,-3.340778034202973,363.22950000000003,10.524248429222663,384.27799685844536,342.1810031415547,15.906568414425504,15.065174982782,17.589355277712507
300750.SZ,2026-01-23,348.01,350.0,343.25,347.0,345.8,1.2,0.347,339761.27,11775914.386,31.07405410601092,-8.040684726902725,-6.615748181205582,-2.8498730913942865,361.79949999999997,10.696545667201267,383.1925913344025,340.40640866559744,19.447675723990315,16.52600856318477,25.291010045601404
300750.SZ,2026-01-26,352.02,352.55,341.21,342.05,347.0,-4.95,-1.4265,332913.86,11468681.279,27.787494287453654,-8.430719538791266,-6.978742452722719,-2.9039541721370927,360.2515,11.216404938162595,382.6843098763252,337.81869012367486,16.790499687580713,16.61417227131675,17.143154520108638
300750.SZ,2026-01-27,344.89,344.9,334.02,339.4,342.05,-2.65,-0.7747,322948.85,10953698.562,26.190467389306036,-8.85162180407383,-7.3533183229929415,-2.996606962161776,358.5,11.613846545350247,381.7276930907005,335.2723069092995,17.667794015547173,16.965379519393558,19.072623007854403
300750.SZ,2026-01-28,337.88,344.0,333.01,339.99,339.4,0.59,0.1738,463081.71,15638344.009,27.193747819668886,-9.033449826114861,-7.689344623617326,-2.68821040499507,357.034,12.020876752331075,381.07575350466215,332.99224649533784,19.88255813738209,17.937772392056402,23.77212962803347
300750.SZ,2026-01-29,340.5,345.16,338.16,341.89,339.99,1.9,0.5588,338444.19,11569006.794,30.471376780307935,-8.921395429410666,-7.935754784775995,-1.971281289269342,355.6685,12.116898715169711,379.90229743033944,331.43470256966054,25.248555776082917,20.374700186731907,34.99626695478493
300750.SZ,2026-01-30,348.4,353.76,344.1,350.0,341.89,8.11,2.3721,486501.15,17048600.0,42.39261146089719,-8.084983632227477,-7.965600554266292,-0.23876615592237016,354.8055,11.859792966596158,378.5250859331923,331.0859140668077,39.77942616298559,26.842942178816465,65.65239413132383
300750.SZ,2026-02-02,357.0,357.99,344.13,348.98,350.0,-1.02,-0.2914,391917.47,13766144.458,41.430464502636795,-7.418906199879075,-7.856261683388849,0.8747109670195474,353.37949999999995,10.639216668335466,374.6579333366709,332.101066663329,47.829999080634664,33.83862781275586,75.81274161639229
300750.SZ,2026-02-03,349.0,352.8,343.5,347.91,348.98,-1.07,-0.3066,265163.25,9220045.792,40.394739776170546,-6.897860847470724,-7.664581516205224,1.5334413374690001,352.07550000000003,9.519454028461825,371.1144080569237,333.03659194307636,51.76923877860301,39.81549813470491,75.67672006639921
300750.SZ,2026-02-04,350.96,366.65,347.51,365.03,347.91,17.12,4.9208,485316.85,17369398.062,58.33996283979407,-5.0453283252423375,-7.140730878012647,4.190805105540619,351.7765,8.971580436373177,369.7196608727464,333.8333391272536,66.24092731891011,48.62397452943998,101.47483289785038
300750.SZ,2026-02-05,365.77,366.75,356.02,362.94,365.03,-2.09,-0.5726,284271.57,10268243.283,56.118704267411154,-3.703140983607625,-6.453212899131643,5.500143831048035,351.46299999999997,8.423110501846336,368.30922100369264,334.6167789963073,73.72987330053402,56.99260745313799,107.20440499532609
300750.SZ,2026-02-06,359.32,372.88,358.01,369.11,362.94,6.17,1.7,393726.18,14514523.059,60.85688783566352,-2.1171749355050906,-5.586005306406332,6.937660741802484,351.457,8.409820762843648,368.2766415256873,334.6373584743127,79.33467182496935,64.43996224374844,109.12409098741117
300750.SZ,2026-02-09,370.5,372.5,362.6,368.82,369.11,-0.29,-0.0786,274486.3,10080946.319,60.5260824877286,-0.8736154968435699,-4.64352734449378,7.53982369530042,351.81399999999996,8.997636180803449,369.8092723616069,333.81872763839306,82.82874953033237,70.56955800594308,107.34713257911096
300750.SZ,2026-02-10,365.17,370.8,364.0,364.97,368.82,-3.85,-1.0439,185634.99,6798020.174,56.161442271064814,-0.19648356630426633,-3.7541185888558775,7.115270045103222,352.1125,9.341056445944092,370.7946128918882,333.4303871081118,80.95841366538289,74.03250989242301,94.81022121130266
300750.SZ,2026-02-11,366.9,370.99,364.5,368.0,364.97,3.03,0.8302,196534.59,7239804.071,58.68646243730518,0.5779814341616429,-2.8876985842523735,6.931360036828033,352.81350000000003,9.991966391477634,372.7974327829553,332.82956721704477,81.76896286564441,76.61132755016348,92.08423349660626
300750.SZ,2026-02-12,370.0,377.88,368.03,375.87,368.0,7.87,2.1386,277545.8,10410892.196,64.41896158947097,1.8059755919721283,-1.9489637490074732,7.5098786819592025,353.9195,11.246540743011048,376.41258148602213,331.4264185139779,85.8971677975733,79.70660763263342,98.2782881274531
300750.SZ,2026-02-13,375.61,377.0,365.01,365.34,375.87,-10.53,-2.8015,223145.32,8229700.941,53.68535307903145,1.9074983584393408,-1.1776713275181103,6.170339371914903,354.5705,11.522523241117888,377.61554648223574,331.5254535177642,78.43988033508957,79.2843652001188,76.7509106050311
300750.SZ,2026-02-24,372.64,373.5,361.95,361.95,365.34,-3.39,-0.9279,226951.31,8316534.693,50.75342446379939,1.6948737639798992,-0.6031623092185084,4.596072146396815,355.223,11.553968605042687,378.3309372100854,332.11506278991465,68.14222732469915,75.57031924164558,53.28604349080629
300750.SZ,2026-02-25,363.69,366.6,360.1,362.18,361.95,0.23,0.0635,187166.39,6802110.619,50.94915424009174,1.5273203208680002,-0.17706578320120672,3.408772208138414,355.85200000000003,11.574151145411834,379.0003022908237,332.70369770917637,54.82125920457226,68.65396589595446,27.155845821807873
300750.SZ,2026-02-26,356.05,358.2,343.5,346.0,362.18,-16.18,-4.4674,435413.81,15108143.01,39.15840878178633,0.08792864525759114,-0.12406689750944716,0.4239910855340766,355.66150000000005,11.70939536171011,379.08029072342026,332.24270927657983,38.97139599482633,58.75977592891174,-0.6053638733445013
300750.SZ,2026-02-27,347.12,348.94,342.01,342.01,346.0,-3.99,-1.1532,254466.2,8775054.149,36.891128126373616,-1.359092509653749,-0.3710720199383075,-1.9760409794308829,355.472,11.906400136503164,379.2848002730063,331.6591997269937,25.980930663217553,47.83349417368035,-17.72419635770804
300750.SZ,2026-03-02,341.0,344.9,336.68,340.22,342.01,-1.79,-0.5234,283513.26,9643254.984,35.887240433923466,-2.6201023317677254,-0.8208780823041912,-3.5984484989270684,355.133,12.251820960253282,379.6366419205065,330.62935807949344,20.184698112047965,38.61722881980289,-16.68036330346189
300750.SZ,2026-03-03,346.33,354.35,344.03,344.07,340.22,3.85,1.1316,400074.79,13919957.238,39.688732029991264,-3.271091766965071,-1.3109208192363673,-3.920341895457408,355.234,12.146163093534236,379.52632618706843,330.9416738129315,19.435429809326465,32.223295816310745,-6.140302204642097
300750.SZ,2026-03-04,341.1,342.02,334.2,338.9,344.07,-5.17,-1.5026,250804.41,8468604.902,36.55427556130145,-4.156270478108752,-1.8799907510108442,-4.552559454195816,355.209,12.180933721016045,379.57086744203207,330.84713255796794,16.54364429290872,26.996745308510068,-4.3625577382939795
300750.SZ,2026-03-05,344.58,353.85,342.66,350.25,338.9,11.35,3.3491,310060.68,10819502.021,46.536792013766195,-3.8970085511915045,-2.2833943110469765,-3.227228480289056,355.72200000000004,11.71332601423633,379.1486520284727,332.29534797152735,23.529096195272484,25.840862270764205,18.905564044289036
300750.SZ,2026-03-06,349.0,357.02,344.66,354.77,350.25,4.52,1.2905,209631.13,7388868.682,49.916357290759166,-3.28890295544511,-2.4844960399266034,-1.608813831037013,356.366,11.258039186100982,378.88207837220193,333.84992162779804,33.13305310388817,28.271592548472192,42.855974214720135
300750.SZ,2026-03-09,348.84,359.85,345.06,357.5,354.77,2.73,0.7695,317976.13,11217996.825,51.894289286386915,-2.5572087940432766,-2.4990385907499384,-0.11634040658667644,356.741,11.159308080795192,379.0596161615904,334.4223838384096,46.05989548489663,34.201026860613666,69.77763273346255
300750.SZ,2026-03-10,375.0,379.77,366.5,376.3,357.5,18.8,5.2587,507417.28,19049080.513,62.791929821328445,-0.45508705740030564,-2.090248284080012,3.2703224533594124,358.107,11.812293373297038,381.7315867465941,334.482413253406,61.5017107343536,43.30125481852698,97.90262256600685
300750.SZ,2026-03-11,379.58,403.55,378.98,396.8,376.3,20.5,5.4478,575986.85,22642696.276,70.61023547023896,2.832388229797459,-1.1057209813045177,7.876218422203953,360.5515,14.372365763212853,389.2962315264257,331.80676847357427,71.09006142203722,52.56419035303039,108.14180356005089
300750.SZ,2026-03-12,400.0,400.9,392.7,395.5,396.8,-1.3,-0.3276,291503.75,11537671.607,69.61131817749288,5.272063873843592,0.16983598972510422,10.204455768236976,362.075,16.35084530246851,394.776690604937,329.37330939506296,76.8574454181041,60.66194204138829,109.24845217153573
300750.SZ,2026-03-13,393.88,403.99,393.8,397.0,395.5,1.5,0.3793,355826.39,14201304.444,70.13629264647923,7.243068280160742,1.584482447812232,11.31717166469702,363.778,18.123343365307477,400.024686730615,327.53131326938507,81.23304308859421,67.51897572379026,108.6611778182021
300750.SZ,2026-03-16,401.77,413.17,398.0,408.4,397.0,11.4,2.8715,373521.04,15195015.005,73.83571165134373,9.614162122373159,3.1904183827244177,12.847487479297483,365.74249999999995,20.680735219293286,407.10397043858654,324.38102956141336,85.47527257360417,73.50440800706156,109.4170017066894
300750.SZ,2026-03-17,415.78,420.0,404.56,405.0,408.4,-3.4,-0.8325,359806.78,14787230.79,71.01037403610219,11.091068555760444,4.770548417331623,12.641040276857641,367.5515,22.469153188315545,412.48980637663107,322.6131936233689,83.85188846515426,76.95356815975912,97.64852907594454
300750.SZ,2026-03-18,405.36,406.0,396.77,402.02,405.0,-2.98,-0.7358,265299.96,10653633.584,68.53501373856028,11.884074239402764,6.193253581745852,11.381641315313825,369.404,23.736683003317662,416.8773660066353,321.93063399336467,81.27954408428211,78.39556013460012,87.04751198364607
300750.SZ,2026-03-19,401.94,414.0,400.0,400.5,402.02,-1.52,-0.3781,292866.35,11867380.765,67.24734611029524,12.248690381978406,7.404340941792363,9.688698880372087,371.029,24.72730195765911,420.4836039153182,321.5743960846818,78.84609050508053,78.54573692476025,79.44679766572108
300750.SZ,2026-03-20,405.08,422.08,400.13,413.0,400.5,12.5,3.1211,537296.77,22252017.693,71.91977744303061,13.39192308192247,8.601857369818385,9.580131424208172,372.8855,26.44412928082603,425.773758561652,319.99724143834794,80.45178973578476,79.18108786176842,82.99319348381744
300750.SZ,2026-03-23,417.33,417.36,398.75,401.99,413.0,-11.01,-2.6659,446141.45,18193336.487,63.347644602265575,13.256713110859607,9.53282851802663,7.447769185665955,374.71799999999996,27.154066982391377,429.02613396478273,320.4098660352172,71.43035015641645,76.59750862665109,61.09603321594716
300750.SZ,2026-03-24,405.0,411.9,388.0,396.99,401.99,-5.0,-1.2438,364105.25,14439124.61,59.858387737121504,12.600845320301971,10.1464318784817,4.908826883640543,376.46999999999997,27.416047740040806,431.30209548008156,321.6379045199184,56.413269431351196,69.86942889488446,29.500950504284674
300750.SZ,2026-03-25,393.0,400.5,387.8,397.81,396.99,0.82,0.2066,267528.28,10553996.247,60.24512973996164,12.008802517781874,10.518906006341735,2.9797930228802763,378.25149999999996,27.595642729089754,433.44278545817946,323.06021454182047,47.3424129931295,62.36042359429947,17.30639179078956
300750.SZ,2026-03-26,393.84,413.72,392.0,402.5,397.81,4.69,1.179,267636.97,10811439.764,62.472148645086094,11.78222992301221,10.771570789675831,2.0213182666727576,381.0765,27.005933514692355,435.0883670293847,327.0646329706153,45.85565767025436,56.85883495295109,23.84930310486091
300750.SZ,2026-03-27,406.12,418.33,401.73,416.18,402.5,13.68,3.3988,302580.43,12465856.864,68.08766925766666,12.561727406619866,11.129602113064639,2.8642505871104547,384.785,26.445667538917014,437.67633507783404,331.893664922166,58.16670449117698,57.29479146569305,59.91053054214484
300750.SZ,2026-03-30,413.0,418.85,405.6,413.0,416.18,-3.18,-0.7641,253484.19,10440376.424,65.62923077203837,12.775616005952145,11.45880489164214,2.633622228620009,388.424,24.956060206943956,438.3361204138879,338.51187958611206,63.28188700812033,59.29048997983547,71.26468106469005
300750.SZ,2026-03-31,413.0,416.95,401.58,401.7,413.0,-11.3,-2.7361,249256.45,10159878.346,57.661851873472976,11.896176976871118,11.546279308687936,0.699795336366364,391.30550000000005,22.799131902910126,436.9037638058203,345.7072361941798,55.704066251232284,58.095015403634406,50.92216794642803
300750.SZ,2026-04-01,409.73,409.87,396.0,405.71,401.7,4.01,0.9983,231700.73,9384266.504,59.539028243434224,11.39147486603133,11.515318420156616,-0.24768710825057028,394.646,19.35021049797046,433.34642099594095,355.9455790040591,54.55144673458268,56.91382584728383,49.8266885091804
300750.SZ,2026-04-02,407.9,411.99,397.2,401.17,405.71,-4.54,-1.119,223056.38,8988161.794,56.48547051463363,10.504070364763322,11.313068809077958,-1.6179968886292713,397.192,16.31289080193222,429.81778160386443,364.5662183961356,50.72082492987208,54.84949220814658,42.46349037332307
300750.SZ,2026-04-03,400.0,400.8,385.13,386.46,401.17,-14.71,-3.6668,247515.01,9640031.385,47.91143840534639,8.515658628843823,10.753586773031131,-4.475856288374615,398.77650000000006,13.221662159620188,425.21982431924044,372.33317568075967,35.12863219919505,48.275872205162734,8.83415218725969
300750.SZ,2026-04-07,389.98,393.2,381.49,384.59,386.46,-1.87,-0.4839,172576.22,6675632.984,46.93606997494909,6.711567854219197,9.945182989268744,-6.467230270099094,400.131,9.685172008905115,419.5013440178102,380.76065598218975,26.184969646001523,40.91223801877567,-3.2695670995467623
300750.SZ,2026-04-08,396.5,397.65,388.22,391.3,384.59,6.71,1.7447,364184.43,14315333.338,50.80603392565669,5.7568919726276135,9.107524785940518,-6.701265626625808,400.881,8.211252164270485,417.30350432854095,384.458495671459,26.20932309019659,36.01126637591597,6.605436518757827
300750.SZ,2026-04-09,394.1,394.28,386.66,389.99,391.3,-1.31,-0.3348,259551.99,10132744.607,50.03876510523613,4.838819507305118,8.253783730213438,-6.829928445816641,400.54049999999995,8.524605547285798,417.58971109457156,383.49128890542835,25.056750725370172,32.359761159067375,10.450729857975773
300750.SZ,2026-04-10,394.0,419.0,392.68,416.0,389.99,26.01,6.6694,507887.02,20752496.341,62.23393239797025,6.139260515872365,7.830879087345224,-3.383237142945717,401.5655,9.099699517883149,419.7648990357663,383.3661009642337,47.37187807177881,37.36380012997118,67.38803395539406
300750.SZ,2026-04-13,418.0,433.33,416.0,427.13,416.0,11.13,2.6755,412399.24,17625505.878,66.05251112003552,7.976024718984888,7.859908213673157,0.23223301062346202,403.072,10.663748526271224,424.3994970525425,381.74450294745753,60.92795986678259,45.21852004224165,92.34683951586445
300750.SZ,2026-04-14,421.5,432.49,414.4,430.79,427.13,3.66,0.8569,442208.26,18663656.303,67.22605493243552,9.616155935452127,8.211157758028952,2.8099963548463514,404.1915,12.301967012164907,428.79543402432984,379.5875659756702,72.31874279184684,54.25192762544338,108.45237312465379
300750.SZ,2026-04-15,438.88,439.46,427.07,431.0,430.79,0.21,0.0487,373536.28,16122379.46,67.29591300119945,10.808325339402757,8.730591274303713,4.155468130198088,405.4915,13.687626865548989,432.86675373109796,378.116246268902,76.68124339765812,61.72836621618163,106.5869977606111
300750.SZ,2026-04-16,441.0,460.0,433.02,453.98,431.0,22.98,5.3318,635062.18,28517416.468,73.86162527203207,13.452351791621652,9.6749433777673,7.554816827708702,408.0895,17.41711604473487,442.9237320894697,373.2552679105303,81.89822459262209,68.45165234166177,108.79136909454272
300750.SZ,2026-04-17,455.96,457.64,441.01,444.2,453.98,-9.78,-2.1543,365358.48,16290232.436,67.63799143280195,14.590408393313112,10.658036380876464,7.864744024873296,410.2745,19.076916189881423,448.4283323797628,372.12066762023716,81.22387477405645,72.70905981912667,98.25350468391602
300750.SZ,2026-04-20,433.0,437.9,426.01,432.5,444.2,-11.7,-2.6339,529278.21,22768028.85,61.014459527190446,14.382442387307151,11.402917582162601,5.9590496102890995,411.2495,19.711308396049734,450.6721167920995,371.82688320790055,74.98371944304427,73.46727969376586,78.01659894160107
300750.SZ,2026-04-21,435.0,450.13,425.1,447.6,432.5,15.1,3.4913,577745.62,25412275.749,65.68492013266334,15.260161985025434,12.174366462735168,6.171591044580531,413.53000000000003,21.16822942151929,455.86645884303863,371.19354115696143,77.68662834244948,74.87372924332706,83.31242654069433
300750.SZ,2026-04-22,441.01,447.97,433.13,436.35,440.69,-4.34,-0.9848,460254.32,20173924.648,59.924903279809044,14.876493157197615,12.714791801627658,4.323402711139913,415.49800000000005,21.37818012046692,458.25436024093386,372.74163975906623,73.4141792435502,74.38721257673477,71.46811257718105
300750.SZ,2026-04-23,443.5,443.6,435.0,438.9,436.35,2.55,0.5844,354309.66,15566836.621,60.76476289899642,14.609784039586657,13.09379024921946,3.031987580734395,417.55249999999995,21.562484446980687,460.6774688939613,374.4275311060386,66.85214288751298,71.87552268032749,56.80538330188398
300750.SZ,2026-04-24,442.0,448.45,438.0,444.9,438.9,6.0,1.3671,395424.97,17517374.359,62.74324835299888,14.712963117930371,13.417624822961644,2.5906765899374555,419.6725,22.08273197128826,463.83796394257655,375.5070360574235,66.86341689576886,70.20482075214127,60.180609183024046
300750.SZ,2026-04-27,444.63,448.76,433.8,434.88,444.9,-10.02,-2.2522,330612.83,14514326.132,57.526215863386646,13.826816092496756,13.499463076868667,0.654706031256179,420.60749999999996,22.32166751811882,465.2508350362376,375.9641649637623,53.91658547588027,64.7754089933876,32.19893844086562
300750.SZ,2026-04-28,426.19,433.3,423.0,427.67,434.88,-7.21,-1.6579,350121.13,14992134.063,54.04399574944478,12.399814108553073,13.279533283205549,-1.7594383493049506,421.341,22.299544932811813,465.94008986562363,376.7419101343764,40.151597524460726,56.56747183707864,7.319848899224894
300750.SZ,2026-04-29,432.0,445.15,428.0,445.0,427.67,17.33,4.0522,376335.6,16473164.318,60.26934993784,12.522934330721966,13.128213492708833,-1.210558323973732,423.506,22.394030313549553,468.2940606270991,378.71793937290084,47.937862552873746,53.690935409010336,36.43171684060056
300750.SZ,2026-04-30,446.5,449.5,436.0,436.0,445.0,-9.0,-2.0225,298120.94,13127297.982,56.02480815891067,11.75873582295435,12.854317958757937,-2.1911642716071746,425.02049999999997,22.15007127824974,469.3206425564995,380.72035744350046,47.93105322667317,51.77097468156461,40.25121031689031
300750.SZ,2026-05-06,457.5,465.88,448.63,460.0,436.0,24.0,5.5046,473727.18,21679900.613,63.42257797926707,12.940532025438927,12.871560772094135,0.1379425066895834,427.962,22.71512146473927,473.3922429294785,382.53175707052145,60.71647329539405,54.752807552841084,72.64380478049999
300750.SZ,2026-05-07,468.75,468.75,447.0,451.64,460.0,-8.36,-1.8174,386212.74,17551196.925,59.65779466021229,13.05207569376222,12.907663756427752,0.28882387466893533,431.221,21.063023449687073,473.34704689937416,389.09495310062584,61.34467982898764,56.9500983115566,70.13384286384971
300750.SZ,2026-05-08,449.0,455.5,436.2,437.0,451.64,-14.64,-3.2415,366048.51,16224287.222,53.65161428277551,11.822862605482669,12.690703526238735,-1.7356818415121325,433.8415,17.99265121185702,469.826802423714,397.856197576286,51.096817518050045,54.99900471372108,43.29244312670798
300750.SZ,2026-05-11,440.0,450.51,435.1,446.11,437.0,9.11,2.0847,341901.01,15198345.088,56.58097735656184,11.451794087822236,12.442921638555436,-1.9822551014664,436.582,15.116224326686096,466.8144486533722,406.3495513466278,50.902432079428635,53.63348050229026,45.44033523370537
300750.SZ,2026-05-12,446.59,446.85,429.29,431.25,446.11,-14.86,-3.331,341514.97,14869224.128,50.9267921841619,9.845153008882278,11.923367912620805,-4.156429807477053,438.645,10.548137525796514,459.741275051593,417.54872494840697,39.94588368136772,49.07094822864941,21.69575458680434
300750.SZ,2026-05-13,431.01,436.58,427.08,434.05,431.25,2.8,0.6493,316858.23,13668347.814,51.90211738480684,8.697554978272592,11.278205325751163,-5.161300694957141,439.54749999999996,9.193901797556695,457.93530359511334,421.1596964048866,34.68159094240544,44.274495799901416,15.495781227413488
300750.SZ,2026-05-14,449.38,450.45,427.0,427.0,434.05,-7.05,-1.6242,347046.14,15157645.64,49.24806240397098,7.13692911408242,10.449950083417415,-6.626041938669989,439.541,9.203184174367411,457.9473683487348,421.1346316512652,23.121060628270293,37.22335074269104,-5.083519600571208
300750.SZ,2026-05-15,428.08,431.5,421.0,423.6,427.0,-3.4,-0.7963,297048.93,12638150.862,47.97395840882459,5.561658945681813,9.472291855870294,-7.821265820376961,439.18149999999997,9.690538128013575,458.5625762560271,419.80042374397283,17.229049144850368,30.558583543410812,-9.430019652270516
300750.SZ,2026-05-18,420.58,422.9,414.0,417.23,423.6,-6.37,-1.5038,284983.47,11894351.176,45.59400387992237,3.755944039434212,8.329022292583078,-9.146156506297732,438.49299999999994,10.735270986698643,459.96354197339724,417.02245802660264,13.452547222898733,24.85657143657345,-9.355501204450697
300750.SZ,2026-05-19,415.86,419.9,406.8,417.92,417.23,0.69,0.1654,260876.68,10805349.153,45.907042681652094,2.3534500924945405,7.133907852565371,-9.560915520141661,436.68999999999994,11.021652851496789,458.7333057029935,414.6466942970064,14.95168469689079,21.554942523345893,1.7451690439805816
300750.SZ,2026-05-20,417.0,422.99,412.66,414.75,417.92,-3.17,-0.7585,281190.31,11734883.868,44.63636591216629,0.9749326116444195,5.902112804381181,-9.854360385473523,435.2174999999999,11.897939173609364,459.01337834721863,411.4216216527812,15.409268237352236,19.506384428014673,7.215035856027363
300750.SZ,2026-05-21,419.87,427.62,411.42,411.63,414.75,-3.12,-0.7523,338671.72,14239107.293,43.36413348326068,-0.3651016837412726,4.64866990675669,-10.027543180995925,434.174,13.011868428475657,460.1977368569513,408.1502631430487,13.956213141991391,17.656327332673577,6.55598476062702
300750.SZ,2026-05-22,414.7,416.5,410.0,411.16,411.63,-0.47,-0.1142,277883.81,11472585.703,43.164546249237375,-1.4483182777472052,3.429272269855911,-9.755181095206233,432.35200000000003,13.572143917829584,459.4962878356592,405.2077121643409,12.63365717675334,15.98210394736683,5.936763635526361
300750.SZ,2026-05-25,411.28,414.5,400.0,402.88,411.16,-8.28,-2.0138,381977.1,15479408.962,39.6980669652033,-2.9410000163245513,2.1552178126198185,-10.19243565788874,430.6785,15.0376045387263,460.7537090774526,400.6032909225474,10.325312250640314,14.096506715124658,2.7829233216716247
300750.SZ,2026-05-26,406.19,408.77,400.36,402.5,402.88,-0.38,-0.0943,350627.03,14152427.064,39.54112164982237,-4.107277731548095,0.9027187037862359,-10.019992870668661,428.8585,16.151663194461854,461.1618263889237,396.55517361107627,8.535341962931007,12.242785131060106,1.1204556266728076
300750.SZ,2026-05-27,413.92,428.9,411.29,414.8,402.5,12.3,3.0559,533728.88,22373358.897,46.863884914113946,-3.9930249132013387,-0.07643001961127907,-7.833189787180119,427.3535,15.979690160686637,459.31288032137326,395.39411967862674,21.35160363666301,15.279057966261073,33.49669497746689
300750.SZ,2026-05-28,420.0,420.58,406.2,415.68,414.8,0.88,0.2122,327771.49,13502296.107,47.355169215227754,-3.7878066092179665,-0.8187053375326167,-5.9382025433707,426.3935,16.080144433429915,458.55378886685986,394.2332111331402,32.319754212215955,20.959290048246032,55.0406825401558
300750.SZ,2026-05-29,423.0,430.86,416.55,424.0,415.68,8.32,2.0015,498118.91,21139031.904,51.88468481993306,-2.9201534467327406,-1.2389949593726415,-3.362316974720198,426.21000000000004,16.085750150201388,458.3815003004028,394.03849969959725,47.470028407625485,29.79620283470585,82.81767955346476
300750.SZ,2026-06-01,432.1,438.24,418.18,420.1,424.0,-3.9,-0.9198,386004.52,16554495.936,49.724969468218845,-2.5182012146235024,-1.494836210422814,-2.046730008401377,424.965,15.508135895307875,455.9812717906157,393.9487282093842,49.16760610717572,36.25333725886247,74.99614380380223
300750.SZ,2026-06-02,425.0,437.75,423.0,433.89,420.1,13.79,3.2826,387981.6,16719046.201,56.60350970668132,-1.0745269448555632,-1.4107743573093638,0.6724948249076013,424.8595,15.436124914251936,455.7317498285039,393.98725017149616,62.31989640059969,44.94219030610821,97.07530858958263
300750.SZ,2026-06-03,437.0,437.0,420.1,426.42,433.89,-7.47,-1.7216,385526.08,16460790.913,52.419632498088006,-0.5270952298538418,-1.2340385318182596,1.4138866039288356,423.18050000000005,13.055357228677837,449.29121445735575,397.06978554264435,64.5765836533984,51.48698808853827,90.75577478311865
300750.SZ,2026-06-04,426.42,426.9,407.18,408.2,426.42,-18.22,-4.2728,431154.62,17788218.035,43.896850408261585,-1.5456362482444774,-1.2963580751035033,-0.4985563462819482,421.0085,11.604276106131735,444.2170522122635,397.7999477877365,50.198893983716076,51.057623386930864,48.481435177286514
300750.SZ,2026-06-05,407.89,412.65,402.7,403.0,408.2,-5.2,-1.2739,287389.3,11711423.57,41.80763753047124,-2.7408391971460446,-1.5852542995120118,-2.3111697952680657,419.3085,11.62869240737049,442.56588481474097,396.051115185259,35.78905498245625,45.96810058543932,15.430963776490103
300750.SZ,2026-06-08,395.8,402.68,390.7,393.02,403.0,-9.98,-2.4764,286526.36,11335280.87,38.06335760471721,-4.442142485349336,-2.1566319366794766,-4.571021097339719,416.654,11.241700283459476,439.1374005669189,394.17059943308107,25.48607031083957,39.14075716057273,-1.823303388626755
300750.SZ,2026-06-09,399.99,401.87,388.0,399.5,393.02,6.48,1.6488,277351.47,10926469.6166,41.71350000700558,-5.207526628695462,-2.766810875082674,-4.881431507225575,415.0665,11.313601629988627,437.69370325997727,392.43929674002277,24.62075600340472,34.30075677485006,5.260754460514036
300750.SZ,2026-06-10,395.28,399.0,385.12,388.5,399.5,-11.0,-2.7534,244357.15,9535581.22717,37.65650459193944,-6.625334414750796,-3.5385155830162986,-6.173637663468995,412.78899999999993,11.862412065005055,436.51382413001005,389.0641758699898,18.53482127134611,29.04544494034874,-2.486426066659149
300750.SZ,2026-06-11,386.98,391.34,380.03,382.2,388.5,-6.3,-1.6216,268654.47,10301875.9156,35.525424789731815,-8.163214196819695,-4.463455305776978,-7.399517782085434,410.549,13.192904751776721,436.9348095035534,384.16319049644653,13.599174783313954,23.896688221337143,-6.995852092732427
300750.SZ,2026-06-12,389.99,399.54,383.3,394.85,382.2,12.65,3.3098,414208.38,16278999.8834,42.55525266027347,-8.265960872835876,-5.223956419188758,-6.084008907294237,409.11150000000004,13.26214211283504,435.63578422567014,382.58721577432993,17.624675080767886,21.806017174480722,9.261990893342215
300750.SZ,2026-06-15,402.0,407.9,393.41,398.1,394.85,3.25,0.8231,340748.82,13613555.7012,44.237447760506264,-7.993002161762149,-5.777765567703437,-4.430473188117425,408.155,13.33544761745459,434.8258952349091,381.4841047650908,22.32259948922062,21.97821127939402,23.011375908873823
300750.SZ,2026-06-16,408.88,409.02,398.5,403.53,398.1,5.43,1.364,348392.62,14107808.7348,47.028509144948316,-7.254894884860903,-6.07319143113493,-2.363406907451946,407.4355,13.168005273947832,433.7715105478957,381.0994894521043,31.594626812598968,25.183683123795667,44.416514190205575
300750.SZ,2026-06-17,400.0,403.3,395.58,399.0,403.53,-4.53,-1.1226,250092.64,9965557.90566,45.00470839331884,-6.95529636438431,-6.249612417784807,-1.4113678931990066,406.648,13.178498277197097,433.0049965543942,380.29100344560584,40.44792002098875,30.271762089526693,60.800235883912855
300750.SZ,2026-06-18,400.39,409.89,389.92,391.55,399.0,-7.45,-1.8672,385481.05,15327443.707,41.81752113390107,-7.235607536496559,-6.446811441527157,-1.5775921899388035,405.64399999999995,13.5389350432464,432.72187008649274,378.56612991350715,39.82529340983982,33.456272529631065,52.563335170257346
300750.SZ,2026-06-22,393.0,413.33,386.0,408.98,391.55,17.43,4.4515,594648.44,23926025.746,50.62725346727315,-5.982340135313848,-6.353917180284496,0.7431540899412958,405.53499999999997,13.500911275285837,432.5368225505716,378.5331774494283,55.5291745855389,40.813906548267006,84.95971066008268
300750.SZ,2026-06-23,411.0,414.04,390.73,392.51,408.98,-16.47,-4.0271,373740.94,14957779.3941,43.86799338216341,-6.24610681375691,-6.332355106978979,0.17249658644413834,405.0165,13.803970166890531,432.6244403337811,377.40855966621893,49.25114628352794,43.62631979335398,60.50079926387586
300750.SZ,2026-06-24,392.0,399.27,386.66,395.36,392.51,2.85,0.7261,344270.57,13521407.6757,45.2306557905427,-6.154230487024165,-6.296730182988017,0.2849993919277036,404.6595,13.963879145475898,432.58725829095175,376.7317417090482,47.85909017157279,45.03724325276025,53.50278400919785
300750.SZ,2026-06-25,399.88,402.55,392.58,401.9,395.36,6.54,1.6542,324046.38,12900279.0381,48.33043044408676,-5.490404527481189,-6.135465051886651,1.2901210488109243,404.01450000000006,13.76737771728915,431.54925543457836,376.47974456542175,52.07522081704935,47.38323577418994,61.45919090276817
300750.SZ,2026-06-26,401.0,409.81,381.0,381.0,401.9,-20.9,-5.2003,465253.03,18133875.4675,40.4513000639962,-6.574980718409279,-6.223368185191177,-0.7032250664362039,402.2805,14.390642601137348,431.06178520227473,373.4992147977253,34.716813878032895,43.16109514213759,17.828251349823503
300750.SZ,2026-06-29,386.96,396.0,378.2,392.36,381.0,11.36,2.9816,425259.08,16529881.6525,45.638857609327175,-6.443580517929433,-6.267410651738828,-0.3523397323812105,400.6985,13.594399882226535,427.8872997644531,373.509700235547,36.31418544249813,40.878791908924434,27.18497250964552
300750.SZ,2026-06-30,392.49,402.36,390.0,393.01,392.36,0.65,0.1657,270383.46,10665434.439,45.92910871310724,-6.215348674044321,-6.256998256199927,0.08329916431121198,399.344,12.89093496262057,425.12586992524115,373.56213007475884,37.983638509284454,39.913740775711105,34.12343397643116
300750.SZ,2026-07-01,390.0,391.0,370.0,383.84,393.01,-9.17,-2.3333,440885.79,16758898.184,42.48291066707573,-6.69721433853266,-6.345041472666474,-0.7043457317323725,396.8415,10.460566692407486,417.762633384815,375.920366615185,35.79775113455776,38.54174422865999,30.309764946353297
300750.SZ,2026-07-02,387.68,390.99,380.39,382.35,383.84,-1.49,-0.3882,340754.35,13139767.2594,41.932352689154385,-7.117283285484689,-6.499489835230118,-1.2355869005091424,394.63800000000003,8.32577898994829,411.2895579798966,377.9864420201035,33.21273024471578,36.76540623401191,26.10737826612352
300750.SZ,2026-07-03,381.96,387.95,379.0,380.0,382.35,-2.35,-0.6146,258849.4,9910832.54224,41.029226568290824,-7.5527528788461495,-6.710142443953324,-1.6852208697856508,393.22799999999995,8.295955006729246,409.81991001345847,376.63608998654144,29.71069694182989,34.413836469951235,20.3044178855872
